object_id,parent_object_id,root_branch_id,concept_id,taxonomy_path,has_geometry,geometry_applicability,boundary_applicability,spatial_interface_applicability,role_assignment_count,function_allocation_count,service_port_applicability,service_port_count,requirement_count,hard_requirement_count,passed_hard_requirement_count,failed_hard_requirement_count,unknown_hard_requirement_count,operational_state_applicability,condition_state_applicability,scenario_applicability,evidence_record_count,profile_revision,profile_hash,coverage_passed
SMB_001,,SMB_001,Concept.SmallModernBuilding,SmallModernBuilding,false,NotApplicable,NotApplicable,Applicable,2,1,NotApplicable,0,12,12,12,0,0,Applicable,NotApplicable,Applicable,2,1,ed09db41abe07afa,true
SMB_SemanticLeaf,SMB_001_Relationships,SMB_001_Relationships,Concept.SemanticEvidence,SmallModernBuilding > RelationshipSystem > SemanticEvidence,false,NotApplicable,NotApplicable,Applicable,1,1,NotApplicable,0,3,3,3,0,0,NotApplicable,NotApplicable,Applicable,2,1,0329a380a64e690e,true
SMB_001_Site,SMB_001,SMB_001_Site,Concept.BuildingSite,SmallModernBuilding > BuildingSite,false,NotApplicable,NotApplicable,Applicable,2,1,NotApplicable,0,9,9,9,0,0,Applicable,NotApplicable,Applicable,2,1,f413e165857df8de,true
SMB_001_Site_PropertyBoundary,SMB_001_Site,SMB_001_Site,Concept.PropertyBoundary,SmallModernBuilding > BuildingSite > PropertyBoundary,true,Applicable,Applicable,Applicable,3,1,NotApplicable,0,5,5,5,0,0,Applicable,Applicable,Applicable,2,1,63e79f4d06627e17,true
SMB_001_Site_GroundSurface,SMB_001_Site,SMB_001_Site,Concept.GroundSurface,SmallModernBuilding > BuildingSite > GroundSurface,true,Applicable,Applicable,Applicable,2,1,NotApplicable,0,5,5,5,0,0,Applicable,Applicable,Applicable,2,1,9cd2075b69ee301e,true
SMB_001_Site_EntryPath,SMB_001_Site,SMB_001_Site,Concept.PavedPath,SmallModernBuilding > BuildingSite > PavedPath,true,Applicable,Applicable,Applicable,2,1,NotApplicable,0,4,4,4,0,0,Applicable,Applicable,Applicable,2,1,b8272e1a628e9500,true
SMB_001_Site_Driveway,SMB_001_Site,SMB_001_Site,Concept.PavedPath,SmallModernBuilding > BuildingSite > PavedPath,true,Applicable,Applicable,Applicable,2,2,NotApplicable,0,4,4,4,0,0,Applicable,Applicable,Applicable,2,1,d1571a5b7952ae8f,true
SMB_001_Site_Landscape,SMB_001_Site,SMB_001_Site,Concept.LandscapeSystem,SmallModernBuilding > BuildingSite > LandscapeSystem,false,NotApplicable,NotApplicable,Applicable,2,1,NotApplicable,0,7,7,7,0,0,Applicable,NotApplicable,Applicable,2,1,fc49a7a3a22f3efd,true
SMB_001_Site_Planter_Left,SMB_001_Site_Landscape,SMB_001_Site,Concept.Planter,SmallModernBuilding > BuildingSite > LandscapeSystem > Planter,true,Applicable,Applicable,Applicable,2,1,NotApplicable,0,4,4,4,0,0,Applicable,Applicable,Applicable,2,1,b43070a4e42f5507,true
SMB_001_Site_Planter_Right,SMB_001_Site_Landscape,SMB_001_Site,Concept.Planter,SmallModernBuilding > BuildingSite > LandscapeSystem > Planter,true,Applicable,Applicable,Applicable,2,1,NotApplicable,0,4,4,4,0,0,Applicable,Applicable,Applicable,2,1,dd2dd50066e96605,true
SMB_001_Site_Tree_Left,SMB_001_Site_Landscape,SMB_001_Site,Concept.Tree,SmallModernBuilding > BuildingSite > LandscapeSystem > Tree,true,Applicable,Applicable,Applicable,2,1,NotApplicable,0,4,4,4,0,0,Applicable,Applicable,Applicable,2,1,dd7e38aeb74e3829,true
SMB_001_Site_Tree_Right,SMB_001_Site_Landscape,SMB_001_Site,Concept.Tree,SmallModernBuilding > BuildingSite > LandscapeSystem > Tree,true,Applicable,Applicable,Applicable,2,1,NotApplicable,0,4,4,4,0,0,Applicable,Applicable,Applicable,2,1,4268b9f612f527c9,true
SMB_001_Structure,SMB_001,SMB_001_Structure,Concept.StructuralSystem,SmallModernBuilding > StructuralSystem,false,NotApplicable,NotApplicable,Applicable,2,2,NotApplicable,0,11,11,11,0,0,Applicable,NotApplicable,Applicable,2,1,fbaec5ad82fadb49,true
SMB_001_Structure_Foundation,SMB_001_Structure,SMB_001_Structure,Concept.Foundation,SmallModernBuilding > StructuralSystem > Foundation,true,Applicable,Applicable,Applicable,3,2,NotApplicable,0,6,6,6,0,0,Applicable,Applicable,Applicable,2,1,89ce112738e253a7,true
SMB_001_Structure_GroundSlab,SMB_001_Structure,SMB_001_Structure,Concept.StructuralSlab,SmallModernBuilding > StructuralSystem > StructuralSlab,true,Applicable,Applicable,Applicable,3,2,NotApplicable,0,11,11,11,0,0,Applicable,Applicable,Applicable,2,1,4086b364bc29d09c,true
SMB_001_Structure_UpperSlab,SMB_001_Structure,SMB_001_Structure,Concept.StructuralSlab,SmallModernBuilding > StructuralSystem > StructuralSlab,true,Applicable,Applicable,Applicable,3,2,NotApplicable,0,8,8,8,0,0,Applicable,Applicable,Applicable,2,1,8ebcd8e07fc0021c,true
SMB_001_Structure_RoofSlab,SMB_001_Structure,SMB_001_Structure,Concept.StructuralSlab,SmallModernBuilding > StructuralSystem > StructuralSlab,true,Applicable,Applicable,Applicable,3,2,NotApplicable,0,8,8,8,0,0,Applicable,Applicable,Applicable,2,1,e1396d4247fbb325,true
SMB_001_Structure_Columns,SMB_001_Structure,SMB_001_Structure,Concept.ColumnSystem,SmallModernBuilding > StructuralSystem > ColumnSystem,false,NotApplicable,NotApplicable,Applicable,2,1,NotApplicable,0,8,8,8,0,0,Applicable,NotApplicable,Applicable,2,1,48df71e2b562fb34,true
SMB_001_Structure_Column_FL,SMB_001_Structure_Columns,SMB_001_Structure,Concept.StructuralColumn,SmallModernBuilding > StructuralSystem > ColumnSystem > StructuralColumn,true,Applicable,Applicable,Applicable,2,2,NotApplicable,0,6,6,6,0,0,Applicable,Applicable,Applicable,2,1,26ac55dbfaf4664a,true
SMB_001_Structure_Column_FR,SMB_001_Structure_Columns,SMB_001_Structure,Concept.StructuralColumn,SmallModernBuilding > StructuralSystem > ColumnSystem > StructuralColumn,true,Applicable,Applicable,Applicable,2,2,NotApplicable,0,6,6,6,0,0,Applicable,Applicable,Applicable,2,1,116929e159c5e4d0,true
SMB_001_Structure_Column_RL,SMB_001_Structure_Columns,SMB_001_Structure,Concept.StructuralColumn,SmallModernBuilding > StructuralSystem > ColumnSystem > StructuralColumn,true,Applicable,Applicable,Applicable,2,2,NotApplicable,0,6,6,6,0,0,Applicable,Applicable,Applicable,2,1,3d0f898af5ea572e,true
SMB_001_Structure_Column_RR,SMB_001_Structure_Columns,SMB_001_Structure,Concept.StructuralColumn,SmallModernBuilding > StructuralSystem > ColumnSystem > StructuralColumn,true,Applicable,Applicable,Applicable,2,2,NotApplicable,0,6,6,6,0,0,Applicable,Applicable,Applicable,2,1,e6f779fdeadac67c,true
SMB_001_Structure_Core,SMB_001_Structure,SMB_001_Structure,Concept.BuildingCore,SmallModernBuilding > StructuralSystem > BuildingCore,true,Applicable,Applicable,Applicable,3,2,NotApplicable,0,6,6,6,0,0,Applicable,Applicable,Applicable,2,1,84bf9c8c96c20010,true
SMB_001_GroundFloor,SMB_001,SMB_001_GroundFloor,Concept.GroundStorey,SmallModernBuilding > GroundStorey,false,NotApplicable,NotApplicable,Applicable,2,1,Applicable,1,17,17,17,0,0,Applicable,NotApplicable,Applicable,2,1,b861f5be4e9d7b50,true
SMB_001_Ground_Entry_01,SMB_001_GroundFloor,SMB_001_GroundFloor,Concept.EntranceZone,SmallModernBuilding > GroundStorey > EntranceZone,false,NotApplicable,NotApplicable,Applicable,2,1,NotApplicable,0,6,6,6,0,0,Applicable,NotApplicable,Applicable,2,1,71e69ec51a7176a5,true
SMB_001_Ground_Entry_Door_01,SMB_001_Ground_Entry_01,SMB_001_GroundFloor,Concept.Door,SmallModernBuilding > GroundStorey > EntranceZone > Door,true,Applicable,Applicable,Applicable,3,2,NotApplicable,0,6,6,6,0,0,Applicable,Applicable,Applicable,2,1,4bb497781d187d97,true
SMB_001_Ground_Entry_Canopy_01,SMB_001_Ground_Entry_01,SMB_001_GroundFloor,Concept.Canopy,SmallModernBuilding > GroundStorey > EntranceZone > Canopy,true,Applicable,Applicable,Applicable,2,1,NotApplicable,0,5,5,5,0,0,Applicable,Applicable,Applicable,2,1,4f9aa024fd72a904,true
SMB_001_Ground_LivingRoom_01,SMB_001_GroundFloor,SMB_001_GroundFloor,Concept.LivingRoom,SmallModernBuilding > GroundStorey > LivingRoom,false,NotApplicable,NotApplicable,Applicable,2,1,NotApplicable,0,10,10,10,0,0,Applicable,NotApplicable,Applicable,2,1,9b83dbb627eb2695,true
SMB_001_Ground_Living_FloorFinish,SMB_001_Ground_LivingRoom_01,SMB_001_GroundFloor,Concept.FloorFinish,SmallModernBuilding > GroundStorey > LivingRoom > FloorFinish,true,Applicable,Applicable,Applicable,2,1,NotApplicable,0,7,7,7,0,0,Applicable,Applicable,Applicable,2,1,96d7f5e60c8c8607,true
SMB_001_Ground_Living_Glazing,SMB_001_Ground_LivingRoom_01,SMB_001_GroundFloor,Concept.Glazing,SmallModernBuilding > GroundStorey > LivingRoom > Glazing,true,Applicable,Applicable,Applicable,3,3,NotApplicable,0,5,5,5,0,0,Applicable,Applicable,Applicable,2,1,8dc20c2ab0b87049,true
SMB_001_Ground_Living_Sofa,SMB_001_Ground_LivingRoom_01,SMB_001_GroundFloor,Concept.Furniture,SmallModernBuilding > GroundStorey > LivingRoom > Furniture,true,Applicable,Applicable,Applicable,2,1,NotApplicable,0,7,7,7,0,0,Applicable,Applicable,Applicable,2,1,45516fd9b3b28388,true
SMB_001_Ground_Living_MediaUnit,SMB_001_Ground_LivingRoom_01,SMB_001_GroundFloor,Concept.Furniture,SmallModernBuilding > GroundStorey > LivingRoom > Furniture,true,Applicable,Applicable,Applicable,2,1,NotApplicable,0,7,7,7,0,0,Applicable,Applicable,Applicable,2,1,bf3590e62a7ae5a5,true
SMB_001_Ground_Living_Light,SMB_001_Ground_LivingRoom_01,SMB_001_GroundFloor,Concept.Luminaire,SmallModernBuilding > GroundStorey > LivingRoom > Luminaire,true,Applicable,Applicable,Applicable,2,1,NotApplicable,0,5,5,5,0,0,Applicable,Applicable,Applicable,2,1,df60dd109c6bd575,true
SMB_001_Ground_Kitchen_01,SMB_001_GroundFloor,SMB_001_GroundFloor,Concept.Kitchen,SmallModernBuilding > GroundStorey > Kitchen,false,NotApplicable,NotApplicable,Applicable,2,1,NotApplicable,0,11,11,11,0,0,Applicable,NotApplicable,Applicable,2,1,725f6796be29b00d,true
SMB_001_Ground_Kitchen_CabinetRun,SMB_001_Ground_Kitchen_01,SMB_001_GroundFloor,Concept.Cabinet,SmallModernBuilding > GroundStorey > Kitchen > Cabinet,true,Applicable,Applicable,Applicable,3,1,NotApplicable,0,9,9,9,0,0,Applicable,Applicable,Applicable,2,1,ba0ae928fc71d5fe,true
SMB_001_Ground_Kitchen_Benchtop,SMB_001_Ground_Kitchen_01,SMB_001_GroundFloor,Concept.Benchtop,SmallModernBuilding > GroundStorey > Kitchen > Benchtop,true,Applicable,Applicable,Applicable,3,2,NotApplicable,0,8,8,8,0,0,Applicable,Applicable,Applicable,2,1,493441b0a70679ef,true
SMB_001_Ground_Kitchen_Island,SMB_001_Ground_Kitchen_01,SMB_001_GroundFloor,Concept.Cabinet,SmallModernBuilding > GroundStorey > Kitchen > Cabinet,true,Applicable,Applicable,Applicable,3,1,NotApplicable,0,5,5,5,0,0,Applicable,Applicable,Applicable,2,1,d81c90c2a09f7120,true
SMB_001_Ground_Kitchen_Sink,SMB_001_Ground_Kitchen_01,SMB_001_GroundFloor,Concept.Sink,SmallModernBuilding > GroundStorey > Kitchen > Sink,true,Applicable,Applicable,Applicable,2,3,Applicable,3,15,15,15,0,0,Applicable,Applicable,Applicable,2,1,360cf6ee7ff7dbfe,true
SMB_001_Ground_Kitchen_Oven,SMB_001_Ground_Kitchen_01,SMB_001_GroundFloor,Concept.Appliance,SmallModernBuilding > GroundStorey > Kitchen > Appliance,true,Applicable,Applicable,Applicable,3,0,NotApplicable,0,4,4,4,0,0,Applicable,Applicable,Applicable,2,1,bc0e7436ffc55ee9,true
SMB_001_Ground_Kitchen_Light,SMB_001_Ground_Kitchen_01,SMB_001_GroundFloor,Concept.Luminaire,SmallModernBuilding > GroundStorey > Kitchen > Luminaire,true,Applicable,Applicable,Applicable,2,1,NotApplicable,0,5,5,5,0,0,Applicable,Applicable,Applicable,2,1,0e398a62b20cdcdb,true
SMB_001_Ground_DiningRoom_01,SMB_001_GroundFloor,SMB_001_GroundFloor,Concept.DiningRoom,SmallModernBuilding > GroundStorey > DiningRoom,false,NotApplicable,NotApplicable,Applicable,2,1,NotApplicable,0,8,8,8,0,0,Applicable,NotApplicable,Applicable,2,1,127bb9bfac8baac1,true
SMB_001_Ground_Dining_Table,SMB_001_Ground_DiningRoom_01,SMB_001_GroundFloor,Concept.Table,SmallModernBuilding > GroundStorey > DiningRoom > Table,true,Applicable,Applicable,Applicable,3,1,NotApplicable,0,7,7,7,0,0,Applicable,Applicable,Applicable,2,1,ed892a61612bb569,true
SMB_001_Ground_Dining_Chairs,SMB_001_Ground_DiningRoom_01,SMB_001_GroundFloor,Concept.ChairSet,SmallModernBuilding > GroundStorey > DiningRoom > ChairSet,true,Applicable,Applicable,Applicable,2,1,NotApplicable,0,7,7,7,0,0,Applicable,Applicable,Applicable,2,1,877bb246a748c6fb,true
SMB_001_Ground_Dining_Light,SMB_001_Ground_DiningRoom_01,SMB_001_GroundFloor,Concept.Luminaire,SmallModernBuilding > GroundStorey > DiningRoom > Luminaire,true,Applicable,Applicable,Applicable,2,1,NotApplicable,0,5,5,5,0,0,Applicable,Applicable,Applicable,2,1,ce144123ae4c5525,true
SMB_001_Ground_Bathroom_01,SMB_001_GroundFloor,SMB_001_GroundFloor,Concept.Bathroom,SmallModernBuilding > GroundStorey > Bathroom,false,NotApplicable,NotApplicable,Applicable,2,1,NotApplicable,0,8,8,8,0,0,Applicable,NotApplicable,Applicable,2,1,cb66307d0b3558ea,true
SMB_001_Ground_Bathroom_Partitions,SMB_001_Ground_Bathroom_01,SMB_001_GroundFloor,Concept.Partition,SmallModernBuilding > GroundStorey > Bathroom > Partition,true,Applicable,Applicable,Applicable,2,0,NotApplicable,0,4,4,4,0,0,Applicable,Applicable,Applicable,2,1,47dadd8a676aa58f,true
SMB_001_Ground_Bathroom_Vanity,SMB_001_Ground_Bathroom_01,SMB_001_GroundFloor,Concept.Vanity,SmallModernBuilding > GroundStorey > Bathroom > Vanity,true,Applicable,Applicable,Applicable,3,1,NotApplicable,0,5,5,5,0,0,Applicable,Applicable,Applicable,2,1,3e43549aae6244cf,true
SMB_001_Ground_Bathroom_Toilet,SMB_001_Ground_Bathroom_01,SMB_001_GroundFloor,Concept.Toilet,SmallModernBuilding > GroundStorey > Bathroom > Toilet,true,Applicable,Applicable,Applicable,2,2,NotApplicable,0,6,6,6,0,0,Applicable,Applicable,Applicable,2,1,f9d6eac6b3c5cfe1,true
SMB_001_Ground_Bathroom_Shower,SMB_001_Ground_Bathroom_01,SMB_001_GroundFloor,Concept.Shower,SmallModernBuilding > GroundStorey > Bathroom > Shower,true,Applicable,Applicable,Applicable,2,2,NotApplicable,0,6,6,6,0,0,Applicable,Applicable,Applicable,2,1,f2996a1a355a9556,true
SMB_001_Ground_UtilityRoom_01,SMB_001_GroundFloor,SMB_001_GroundFloor,Concept.UtilityRoom,SmallModernBuilding > GroundStorey > UtilityRoom,false,NotApplicable,NotApplicable,Applicable,2,1,NotApplicable,0,7,7,7,0,0,Applicable,NotApplicable,Applicable,2,1,d50b4aedf88be185,true
SMB_001_Ground_Utility_Partition,SMB_001_Ground_UtilityRoom_01,SMB_001_GroundFloor,Concept.Partition,SmallModernBuilding > GroundStorey > UtilityRoom > Partition,true,Applicable,Applicable,Applicable,2,0,NotApplicable,0,4,4,4,0,0,Applicable,Applicable,Applicable,2,1,4f5d0682ae9476fb,true
SMB_001_Ground_Utility_Washer,SMB_001_Ground_UtilityRoom_01,SMB_001_GroundFloor,Concept.Appliance,SmallModernBuilding > GroundStorey > UtilityRoom > Appliance,true,Applicable,Applicable,Applicable,3,0,NotApplicable,0,4,4,4,0,0,Applicable,Applicable,Applicable,2,1,32860950f49f023a,true
SMB_001_Ground_Utility_WaterHeater,SMB_001_Ground_UtilityRoom_01,SMB_001_GroundFloor,Concept.WaterHeater,SmallModernBuilding > GroundStorey > UtilityRoom > WaterHeater,true,Applicable,Applicable,Applicable,3,1,Applicable,1,8,8,8,0,0,Applicable,Applicable,Applicable,2,1,ba315bc71996b222,true
SMB_001_Ground_Stair_01,SMB_001_GroundFloor,SMB_001_GroundFloor,Concept.StairSystem,SmallModernBuilding > GroundStorey > StairSystem,false,NotApplicable,NotApplicable,Applicable,2,1,NotApplicable,0,5,5,5,0,0,Applicable,NotApplicable,Applicable,2,1,50160d67573b8af8,true
SMB_StairStep,SMB_001_Ground_Stair_01,SMB_001_GroundFloor,Concept.StairFlight,SmallModernBuilding > GroundStorey > StairSystem > StairFlight,true,Applicable,Applicable,Applicable,3,1,NotApplicable,0,5,5,5,0,0,Applicable,Applicable,Applicable,2,1,1ca094f62cea13a5,true
SMB_001_UpperFloor,SMB_001,SMB_001_UpperFloor,Concept.UpperStorey,SmallModernBuilding > UpperStorey,false,NotApplicable,NotApplicable,Applicable,2,1,Applicable,1,14,14,14,0,0,Applicable,NotApplicable,Applicable,2,1,0d9caa063439199b,true
SMB_001_Upper_Hall_01,SMB_001_UpperFloor,SMB_001_UpperFloor,Concept.UpperHall,SmallModernBuilding > UpperStorey > UpperHall,true,Applicable,Applicable,Applicable,1,1,NotApplicable,0,5,5,5,0,0,Applicable,Applicable,Applicable,2,1,6152bbdfac166e98,true
SMB_001_Upper_Bedroom_01,SMB_001_UpperFloor,SMB_001_UpperFloor,Concept.Bedroom,SmallModernBuilding > UpperStorey > Bedroom,false,NotApplicable,NotApplicable,Applicable,2,1,NotApplicable,0,9,9,9,0,0,Applicable,NotApplicable,Applicable,2,1,ef10b74c3ec30064,true
SMB_001_Upper_Bedroom_01_Floor,SMB_001_Upper_Bedroom_01,SMB_001_UpperFloor,Concept.FloorFinish,SmallModernBuilding > UpperStorey > Bedroom > FloorFinish,true,Applicable,Applicable,Applicable,2,1,NotApplicable,0,6,6,6,0,0,Applicable,Applicable,Applicable,2,1,c4e940d65030eb59,true
SMB_001_Upper_Bedroom_01_Bed,SMB_001_Upper_Bedroom_01,SMB_001_UpperFloor,Concept.Bed,SmallModernBuilding > UpperStorey > Bedroom > Bed,true,Applicable,Applicable,Applicable,2,1,NotApplicable,0,7,7,7,0,0,Applicable,Applicable,Applicable,2,1,e9b66dde1abfcd61,true
SMB_001_Upper_Bedroom_01_Wardrobe,SMB_001_Upper_Bedroom_01,SMB_001_UpperFloor,Concept.Wardrobe,SmallModernBuilding > UpperStorey > Bedroom > Wardrobe,true,Applicable,Applicable,Applicable,2,1,NotApplicable,0,5,5,5,0,0,Applicable,Applicable,Applicable,2,1,6c08153d468a4af7,true
SMB_001_Upper_Bedroom_01_Window,SMB_001_Upper_Bedroom_01,SMB_001_UpperFloor,Concept.Window,SmallModernBuilding > UpperStorey > Bedroom > Window,true,Applicable,Applicable,Applicable,3,3,NotApplicable,0,7,7,7,0,0,Applicable,Applicable,Applicable,2,1,3c38e21c12df42f5,true
SMB_001_Upper_Bedroom_02,SMB_001_UpperFloor,SMB_001_UpperFloor,Concept.Bedroom,SmallModernBuilding > UpperStorey > Bedroom,false,NotApplicable,NotApplicable,Applicable,2,1,NotApplicable,0,9,9,9,0,0,Applicable,NotApplicable,Applicable,2,1,c6eb12b40b5cfc06,true
SMB_001_Upper_Bedroom_02_Floor,SMB_001_Upper_Bedroom_02,SMB_001_UpperFloor,Concept.FloorFinish,SmallModernBuilding > UpperStorey > Bedroom > FloorFinish,true,Applicable,Applicable,Applicable,2,1,NotApplicable,0,6,6,6,0,0,Applicable,Applicable,Applicable,2,1,3f60fc8a754e8b72,true
SMB_001_Upper_Bedroom_02_Bed,SMB_001_Upper_Bedroom_02,SMB_001_UpperFloor,Concept.Bed,SmallModernBuilding > UpperStorey > Bedroom > Bed,true,Applicable,Applicable,Applicable,2,1,NotApplicable,0,7,7,7,0,0,Applicable,Applicable,Applicable,2,1,045087e5a564da5c,true
SMB_001_Upper_Bedroom_02_Wardrobe,SMB_001_Upper_Bedroom_02,SMB_001_UpperFloor,Concept.Wardrobe,SmallModernBuilding > UpperStorey > Bedroom > Wardrobe,true,Applicable,Applicable,Applicable,2,1,NotApplicable,0,5,5,5,0,0,Applicable,Applicable,Applicable,2,1,3c8b25676949c87b,true
SMB_001_Upper_Bedroom_02_Window,SMB_001_Upper_Bedroom_02,SMB_001_UpperFloor,Concept.Window,SmallModernBuilding > UpperStorey > Bedroom > Window,true,Applicable,Applicable,Applicable,3,3,NotApplicable,0,7,7,7,0,0,Applicable,Applicable,Applicable,2,1,2c68aeae82fecbc0,true
SMB_001_Upper_Bathroom_01,SMB_001_UpperFloor,SMB_001_UpperFloor,Concept.Bathroom,SmallModernBuilding > UpperStorey > Bathroom,false,NotApplicable,NotApplicable,Applicable,2,1,NotApplicable,0,8,8,8,0,0,Applicable,NotApplicable,Applicable,2,1,a3a43e27a21e27f9,true
SMB_001_Upper_Bathroom_Partition,SMB_001_Upper_Bathroom_01,SMB_001_UpperFloor,Concept.Partition,SmallModernBuilding > UpperStorey > Bathroom > Partition,true,Applicable,Applicable,Applicable,2,0,NotApplicable,0,4,4,4,0,0,Applicable,Applicable,Applicable,2,1,e8abec7c281557fe,true
SMB_001_Upper_Bathroom_Vanity,SMB_001_Upper_Bathroom_01,SMB_001_UpperFloor,Concept.Vanity,SmallModernBuilding > UpperStorey > Bathroom > Vanity,true,Applicable,Applicable,Applicable,3,1,NotApplicable,0,5,5,5,0,0,Applicable,Applicable,Applicable,2,1,0b09918e853699f6,true
SMB_001_Upper_Bathroom_Toilet,SMB_001_Upper_Bathroom_01,SMB_001_UpperFloor,Concept.Toilet,SmallModernBuilding > UpperStorey > Bathroom > Toilet,true,Applicable,Applicable,Applicable,2,2,NotApplicable,0,6,6,6,0,0,Applicable,Applicable,Applicable,2,1,231e94aab19541a7,true
SMB_001_Upper_Bathroom_Shower,SMB_001_Upper_Bathroom_01,SMB_001_UpperFloor,Concept.Shower,SmallModernBuilding > UpperStorey > Bathroom > Shower,true,Applicable,Applicable,Applicable,2,2,NotApplicable,0,6,6,6,0,0,Applicable,Applicable,Applicable,2,1,0395028dcd2a648c,true
SMB_001_Upper_Study_01,SMB_001_UpperFloor,SMB_001_UpperFloor,Concept.Study,SmallModernBuilding > UpperStorey > Study,false,NotApplicable,NotApplicable,Applicable,2,1,NotApplicable,0,7,7,7,0,0,Applicable,NotApplicable,Applicable,2,1,0938d32b7148bb49,true
SMB_001_Upper_Study_Desk,SMB_001_Upper_Study_01,SMB_001_UpperFloor,Concept.Desk,SmallModernBuilding > UpperStorey > Study > Desk,true,Applicable,Applicable,Applicable,3,1,NotApplicable,0,7,7,7,0,0,Applicable,Applicable,Applicable,2,1,abee5119780ed49d,true
SMB_001_Upper_Study_Chair,SMB_001_Upper_Study_01,SMB_001_UpperFloor,Concept.ChairSet,SmallModernBuilding > UpperStorey > Study > ChairSet,true,Applicable,Applicable,Applicable,2,1,NotApplicable,0,7,7,7,0,0,Applicable,Applicable,Applicable,2,1,1e59f96db20052f7,true
SMB_001_Upper_Study_Window,SMB_001_Upper_Study_01,SMB_001_UpperFloor,Concept.Window,SmallModernBuilding > UpperStorey > Study > Window,true,Applicable,Applicable,Applicable,3,3,NotApplicable,0,7,7,7,0,0,Applicable,Applicable,Applicable,2,1,017b075700719e3d,true
SMB_001_Envelope,SMB_001,SMB_001_Envelope,Concept.EnvelopeSystem,SmallModernBuilding > EnvelopeSystem,false,NotApplicable,NotApplicable,Applicable,2,1,NotApplicable,0,10,10,10,0,0,Applicable,NotApplicable,Applicable,2,1,fbf6a70f8386b6c7,true
SMB_001_Envelope_Front,SMB_001_Envelope,SMB_001_Envelope,Concept.Facade,SmallModernBuilding > EnvelopeSystem > Facade,true,Applicable,Applicable,Applicable,3,1,NotApplicable,0,10,10,10,0,0,Applicable,Applicable,Applicable,2,1,ee73cccd01f47646,true
SMB_001_Envelope_Rear,SMB_001_Envelope,SMB_001_Envelope,Concept.Facade,SmallModernBuilding > EnvelopeSystem > Facade,true,Applicable,Applicable,Applicable,3,1,NotApplicable,0,5,5,5,0,0,Applicable,Applicable,Applicable,2,1,a2d2220882e4ea56,true
SMB_001_Envelope_Left,SMB_001_Envelope,SMB_001_Envelope,Concept.Facade,SmallModernBuilding > EnvelopeSystem > Facade,true,Applicable,Applicable,Applicable,3,1,NotApplicable,0,5,5,5,0,0,Applicable,Applicable,Applicable,2,1,75f62c3578edfd8c,true
SMB_001_Envelope_Right,SMB_001_Envelope,SMB_001_Envelope,Concept.Facade,SmallModernBuilding > EnvelopeSystem > Facade,true,Applicable,Applicable,Applicable,3,1,NotApplicable,0,7,7,7,0,0,Applicable,Applicable,Applicable,2,1,23ab556b2e0f1276,true
SMB_001_Envelope_ExternalFins,SMB_001_Envelope,SMB_001_Envelope,Concept.FacadeFin,SmallModernBuilding > EnvelopeSystem > FacadeFin,true,Applicable,Applicable,Applicable,2,1,NotApplicable,0,5,5,5,0,0,Applicable,Applicable,Applicable,2,1,360d473dbcc9d68f,true
SMB_001_Envelope_Downpipes,SMB_001_Envelope,SMB_001_Envelope,Concept.PipeRun,SmallModernBuilding > EnvelopeSystem > PipeRun,true,Applicable,Applicable,Applicable,3,1,PendingEvidence,1,4,4,4,0,0,Applicable,Applicable,Applicable,2,1,fde02c755541cc18,true
SMB_001_RoofZone,SMB_001,SMB_001_RoofZone,Concept.RoofSystem,SmallModernBuilding > RoofSystem,false,NotApplicable,NotApplicable,Applicable,2,1,NotApplicable,0,7,7,7,0,0,Applicable,NotApplicable,Applicable,2,1,0652172eda1a3d6d,true
SMB_001_Roof_Parapet,SMB_001_RoofZone,SMB_001_RoofZone,Concept.Parapet,SmallModernBuilding > RoofSystem > Parapet,true,Applicable,Applicable,Applicable,3,1,NotApplicable,0,5,5,5,0,0,Applicable,Applicable,Applicable,2,1,1e98781ccb97018c,true
SMB_001_Roof_SolarArray,SMB_001_RoofZone,SMB_001_RoofZone,Concept.PhotovoltaicArray,SmallModernBuilding > RoofSystem > PhotovoltaicArray,false,NotApplicable,NotApplicable,Applicable,3,1,Applicable,1,7,7,7,0,0,Applicable,NotApplicable,Applicable,2,1,9ad41f06c8d1913c,true
SMB_SolarPanel,SMB_001_Roof_SolarArray,SMB_001_RoofZone,Concept.PhotovoltaicModuleSet,SmallModernBuilding > RoofSystem > PhotovoltaicArray > PhotovoltaicModuleSet,true,Applicable,Applicable,Applicable,2,1,NotApplicable,0,4,4,4,0,0,Applicable,Applicable,Applicable,2,1,7387fa5d8c23205e,true
SMB_001_Roof_HVACOutdoorUnit,SMB_001_RoofZone,SMB_001_RoofZone,Concept.HVACEquipment,SmallModernBuilding > RoofSystem > HVACEquipment,true,Applicable,Applicable,Applicable,2,1,Applicable,2,12,12,12,0,0,Applicable,Applicable,Applicable,2,1,2963bf8f5ee29c0f,true
SMB_001_Services,SMB_001,SMB_001_Services,Concept.BuildingServices,SmallModernBuilding > BuildingServices,false,NotApplicable,NotApplicable,Applicable,2,1,NotApplicable,0,8,8,8,0,0,Applicable,NotApplicable,Applicable,2,1,366a8d214c18126b,true
SMB_001_Plumbing,SMB_001_Services,SMB_001_Services,Concept.PlumbingSystem,SmallModernBuilding > BuildingServices > PlumbingSystem,false,NotApplicable,NotApplicable,Applicable,2,3,NotApplicable,0,9,9,9,0,0,Applicable,NotApplicable,Applicable,2,1,08b949c9866f6855,true
SMB_001_Plumbing_ColdWaterRiser,SMB_001_Plumbing,SMB_001_Services,Concept.PipeRun,SmallModernBuilding > BuildingServices > PlumbingSystem > PipeRun,true,Applicable,Applicable,Applicable,2,1,Applicable,1,7,7,7,0,0,Applicable,Applicable,Applicable,2,1,04be462a28cdf67e,true
SMB_001_Plumbing_HotWaterRiser,SMB_001_Plumbing,SMB_001_Services,Concept.PipeRun,SmallModernBuilding > BuildingServices > PlumbingSystem > PipeRun,true,Applicable,Applicable,Applicable,2,1,Applicable,2,10,10,10,0,0,Applicable,Applicable,Applicable,2,1,ac69e1117e7b1870,true
SMB_001_Plumbing_SanitaryStack,SMB_001_Plumbing,SMB_001_Services,Concept.PipeRun,SmallModernBuilding > BuildingServices > PlumbingSystem > PipeRun,true,Applicable,Applicable,Applicable,2,1,Applicable,1,7,7,7,0,0,Applicable,Applicable,Applicable,2,1,4e828c08da2207a5,true
SMB_001_Electrical,SMB_001_Services,SMB_001_Services,Concept.ElectricalSystem,SmallModernBuilding > BuildingServices > ElectricalSystem,false,NotApplicable,NotApplicable,Applicable,2,1,NotApplicable,0,8,8,8,0,0,Applicable,NotApplicable,Applicable,2,1,272c13a91c8f2bc0,true
SMB_001_Electrical_MainPanel,SMB_001_Electrical,SMB_001_Services,Concept.ElectricalPanel,SmallModernBuilding > BuildingServices > ElectricalSystem > ElectricalPanel,true,Applicable,Applicable,Applicable,2,1,Applicable,3,10,10,10,0,0,Applicable,Applicable,Applicable,2,1,0184aa7455e86804,true
SMB_001_Electrical_GroundLights,SMB_001_Electrical,SMB_001_Services,Concept.GroundLightingCircuit,SmallModernBuilding > BuildingServices > ElectricalSystem > GroundLightingCircuit,false,NotApplicable,NotApplicable,Applicable,1,1,Applicable,1,5,5,5,0,0,Applicable,NotApplicable,Applicable,2,1,49a358a4562fe2f3,true
SMB_001_Electrical_UpperLights,SMB_001_Electrical,SMB_001_Services,Concept.UpperLightingCircuit,SmallModernBuilding > BuildingServices > ElectricalSystem > UpperLightingCircuit,false,NotApplicable,NotApplicable,Applicable,1,1,Applicable,1,5,5,5,0,0,Applicable,NotApplicable,Applicable,2,1,fd39dbdef88b6a98,true
SMB_CeilingLight,SMB_001_Electrical,SMB_001_Services,Concept.CeilingLuminaireSet,SmallModernBuilding > BuildingServices > ElectricalSystem > CeilingLuminaireSet,true,Applicable,Applicable,Applicable,2,1,NotApplicable,0,5,5,5,0,0,Applicable,Applicable,Applicable,2,1,ff1a475988c1a59f,true
SMB_001_HVAC,SMB_001_Services,SMB_001_Services,Concept.HVACSystem,SmallModernBuilding > BuildingServices > HVACSystem,false,NotApplicable,NotApplicable,Applicable,2,1,NotApplicable,0,7,7,7,0,0,Applicable,NotApplicable,Applicable,2,1,5dd5ed33ba44a8f3,true
SMB_001_HVAC_LivingIndoorUnit,SMB_001_HVAC,SMB_001_Services,Concept.HVACEquipment,SmallModernBuilding > BuildingServices > HVACSystem > HVACEquipment,true,Applicable,Applicable,Applicable,2,1,Applicable,1,8,8,8,0,0,Applicable,Applicable,Applicable,2,1,924494c6e57b6145,true
SMB_001_HVAC_BedroomIndoorUnit,SMB_001_HVAC,SMB_001_Services,Concept.HVACEquipment,SmallModernBuilding > BuildingServices > HVACSystem > HVACEquipment,true,Applicable,Applicable,Applicable,2,1,Applicable,1,8,8,8,0,0,Applicable,Applicable,Applicable,2,1,0bb2c81bc84f6d76,true
SMB_001_HVAC_BathroomExhaust,SMB_001_HVAC,SMB_001_Services,Concept.HVACEquipment,SmallModernBuilding > BuildingServices > HVACSystem > HVACEquipment,true,Applicable,Applicable,Applicable,2,2,PendingEvidence,1,5,5,5,0,0,Applicable,Applicable,Applicable,2,1,4222b9a3f7ccb7eb,true
SMB_001_FireSafety,SMB_001_Services,SMB_001_Services,Concept.FireSafetySystem,SmallModernBuilding > BuildingServices > FireSafetySystem,false,NotApplicable,NotApplicable,Applicable,2,1,NotApplicable,0,7,7,7,0,0,Applicable,NotApplicable,Applicable,2,1,bfe324fdeb2f8fac,true
SMB_001_FireSafety_SmokeAlarm_Ground,SMB_001_FireSafety,SMB_001_Services,Concept.SmokeAlarm,SmallModernBuilding > BuildingServices > FireSafetySystem > SmokeAlarm,true,Applicable,Applicable,Applicable,2,1,Applicable,1,8,8,8,0,0,Applicable,Applicable,Applicable,2,1,117b5eac6b326667,true
SMB_001_FireSafety_SmokeAlarm_Upper,SMB_001_FireSafety,SMB_001_Services,Concept.SmokeAlarm,SmallModernBuilding > BuildingServices > FireSafetySystem > SmokeAlarm,true,Applicable,Applicable,Applicable,2,1,Applicable,1,8,8,8,0,0,Applicable,Applicable,Applicable,2,1,d57aa01cf6d0a0a6,true
SMB_001_FireSafety_Extinguisher,SMB_001_FireSafety,SMB_001_Services,Concept.FireExtinguisher,SmallModernBuilding > BuildingServices > FireSafetySystem > FireExtinguisher,true,Applicable,Applicable,Applicable,2,1,NotApplicable,0,4,4,4,0,0,Applicable,Applicable,Applicable,2,1,46583e296062e29c,true
SMB_001_ExternalWorks,SMB_001,SMB_001_ExternalWorks,Concept.ExternalWorksSystem,SmallModernBuilding > ExternalWorksSystem,false,NotApplicable,NotApplicable,Applicable,2,1,NotApplicable,0,6,6,6,0,0,Applicable,NotApplicable,Applicable,2,1,d5628f224b4f5101,true
SMB_001_External_Patio,SMB_001_ExternalWorks,SMB_001_ExternalWorks,Concept.Patio,SmallModernBuilding > ExternalWorksSystem > Patio,true,Applicable,Applicable,Applicable,2,1,NotApplicable,0,4,4,4,0,0,Applicable,Applicable,Applicable,2,1,0ac50b48097af2ac,true
SMB_001_External_PerimeterFence,SMB_001_ExternalWorks,SMB_001_ExternalWorks,Concept.Fence,SmallModernBuilding > ExternalWorksSystem > Fence,true,Applicable,Applicable,Applicable,2,1,NotApplicable,0,4,4,4,0,0,Applicable,Applicable,Applicable,2,1,5891035c5215a1ca,true
SMB_001_External_Lights,SMB_001_ExternalWorks,SMB_001_ExternalWorks,Concept.ExternalLightingSystem,SmallModernBuilding > ExternalWorksSystem > ExternalLightingSystem,false,NotApplicable,NotApplicable,Applicable,2,1,NotApplicable,0,4,4,4,0,0,Applicable,NotApplicable,Applicable,2,1,25d830e8a0dd9ff5,true
SMB_ExternalLight,SMB_001_External_Lights,SMB_001_ExternalWorks,Concept.ExternalLuminaireSet,SmallModernBuilding > ExternalWorksSystem > ExternalLightingSystem > ExternalLuminaireSet,true,Applicable,Applicable,Applicable,2,1,NotApplicable,0,4,4,4,0,0,Applicable,Applicable,Applicable,2,1,32abe53c5c3fc196,true
SMB_001_Relationships,SMB_001,SMB_001_Relationships,Concept.RelationshipSystem,SmallModernBuilding > RelationshipSystem,false,NotApplicable,NotApplicable,Applicable,2,1,NotApplicable,0,16,16,16,0,0,NotApplicable,NotApplicable,Applicable,2,1,b8afc123571f6a9e,true
SMB_REL_GroundFloor_CONTAINS_LivingRoom,SMB_001_Relationships,SMB_001_Relationships,Concept.SpatialRelationshipAssertion,SmallModernBuilding > RelationshipSystem > SpatialRelationshipAssertion,false,NotApplicable,NotApplicable,Applicable,1,1,NotApplicable,0,3,3,3,0,0,NotApplicable,NotApplicable,Applicable,2,1,313a32791781983a,true
SMB_REL_GroundFloor_CONTAINS_Kitchen,SMB_001_Relationships,SMB_001_Relationships,Concept.SpatialRelationshipAssertion,SmallModernBuilding > RelationshipSystem > SpatialRelationshipAssertion,false,NotApplicable,NotApplicable,Applicable,1,1,NotApplicable,0,3,3,3,0,0,NotApplicable,NotApplicable,Applicable,2,1,4997fd9069ca256c,true
SMB_REL_GroundFloor_CONTAINS_DiningRoom,SMB_001_Relationships,SMB_001_Relationships,Concept.SpatialRelationshipAssertion,SmallModernBuilding > RelationshipSystem > SpatialRelationshipAssertion,false,NotApplicable,NotApplicable,Applicable,1,1,NotApplicable,0,3,3,3,0,0,NotApplicable,NotApplicable,Applicable,2,1,e9765aa29514114a,true
SMB_REL_UpperFloor_CONTAINS_Bedroom01,SMB_001_Relationships,SMB_001_Relationships,Concept.SpatialRelationshipAssertion,SmallModernBuilding > RelationshipSystem > SpatialRelationshipAssertion,false,NotApplicable,NotApplicable,Applicable,1,1,NotApplicable,0,3,3,3,0,0,NotApplicable,NotApplicable,Applicable,2,1,54e29c1c5fbb46c8,true
SMB_REL_UpperFloor_CONTAINS_Bedroom02,SMB_001_Relationships,SMB_001_Relationships,Concept.SpatialRelationshipAssertion,SmallModernBuilding > RelationshipSystem > SpatialRelationshipAssertion,false,NotApplicable,NotApplicable,Applicable,1,1,NotApplicable,0,3,3,3,0,0,NotApplicable,NotApplicable,Applicable,2,1,1a22533cab92664f,true
SMB_REL_KitchenSink_CONNECTED_TO_ColdWater,SMB_001_Relationships,SMB_001_Relationships,Concept.SpatialRelationshipAssertion,SmallModernBuilding > RelationshipSystem > SpatialRelationshipAssertion,false,NotApplicable,NotApplicable,Applicable,1,1,NotApplicable,0,3,3,3,0,0,NotApplicable,NotApplicable,Applicable,2,1,36c52bfe48bd6b57,true
SMB_REL_WaterHeater_CONNECTED_TO_HotWater,SMB_001_Relationships,SMB_001_Relationships,Concept.SpatialRelationshipAssertion,SmallModernBuilding > RelationshipSystem > SpatialRelationshipAssertion,false,NotApplicable,NotApplicable,Applicable,1,1,NotApplicable,0,3,3,3,0,0,NotApplicable,NotApplicable,Applicable,2,1,9427cca360bff739,true
SMB_REL_LivingIndoorUnit_SERVED_BY_HVACOutdoor,SMB_001_Relationships,SMB_001_Relationships,Concept.SpatialRelationshipAssertion,SmallModernBuilding > RelationshipSystem > SpatialRelationshipAssertion,false,NotApplicable,NotApplicable,Applicable,1,1,NotApplicable,0,3,3,3,0,0,NotApplicable,NotApplicable,Applicable,2,1,ce05bc6edc526705,true
SMB_REL_BedroomIndoorUnit_SERVED_BY_HVACOutdoor,SMB_001_Relationships,SMB_001_Relationships,Concept.SpatialRelationshipAssertion,SmallModernBuilding > RelationshipSystem > SpatialRelationshipAssertion,false,NotApplicable,NotApplicable,Applicable,1,1,NotApplicable,0,3,3,3,0,0,NotApplicable,NotApplicable,Applicable,2,1,0e5ca54a105c0cd2,true
SMB_REL_SolarArray_POWERS_ElectricalSystem,SMB_001_Relationships,SMB_001_Relationships,Concept.SpatialRelationshipAssertion,SmallModernBuilding > RelationshipSystem > SpatialRelationshipAssertion,false,NotApplicable,NotApplicable,Applicable,1,1,NotApplicable,0,3,3,3,0,0,NotApplicable,NotApplicable,Applicable,2,1,4a62483684a0bc21,true
SMB_REL_SmokeAlarmGround_MONITORS_GroundFloor,SMB_001_Relationships,SMB_001_Relationships,Concept.SpatialRelationshipAssertion,SmallModernBuilding > RelationshipSystem > SpatialRelationshipAssertion,false,NotApplicable,NotApplicable,Applicable,1,1,NotApplicable,0,3,3,3,0,0,NotApplicable,NotApplicable,Applicable,2,1,863427d16c7c2515,true
SMB_REL_SmokeAlarmUpper_MONITORS_UpperFloor,SMB_001_Relationships,SMB_001_Relationships,Concept.SpatialRelationshipAssertion,SmallModernBuilding > RelationshipSystem > SpatialRelationshipAssertion,false,NotApplicable,NotApplicable,Applicable,1,1,NotApplicable,0,3,3,3,0,0,NotApplicable,NotApplicable,Applicable,2,1,3502d8ab57280803,true
