index,role,u,x,underbody_z,underbody_halfwidth,rocker_z,rocker_halfwidth,lower_z,lower_halfwidth,shoulder_z,shoulder_halfwidth,belt_z,belt_halfwidth,glass_shoulder_z,glass_shoulder_halfwidth,roof_rail_z,roof_rail_halfwidth,roof_crown_z,confidence
0,tail_face,0.0,-2.2946868,0.1449824167247467,0.2844928298206571,0.20071033181518824,0.3743326708166541,0.3042601917388096,0.39623528276915493,0.4690494170414732,0.40693031002268404,0.5186180770197297,0.37844518832109614,0.5396534296374732,0.040693031002268405,0.5588604342443979,0.026450470151474465,0.6018773002745947,0.68
1,rear_bumper,0.06,-2.0235672,0.1449824167247467,0.48907176545982806,0.20071033181518824,0.6435154808681948,0.36671189694288653,0.6823882418174655,0.6138909563070097,0.7014756175003475,0.6704628133596685,0.6523723242753232,0.6914981659774119,0.07014756175003475,0.7698459247987117,0.04559591513752259,0.8128627908289086,0.68
2,rear_axle,0.20344013490725132,-1.3754099999999998,0.1449824167247467,0.6419922363304715,0.20071033181518824,0.8447266267506204,0.47614340071701183,0.9045857188768399,0.8206933300392786,0.9347199999999999,1.0134618266106141,0.8692896,1.0344971792283575,0.6113068799999999,1.419838040807865,0.45424834991269086,1.4628549068380619,0.8
3,rear_door,0.33,-0.8035290000000002,0.1449824167247467,0.5876873150684674,0.20071033181518824,0.7732727829848255,0.4995049903487344,0.8333126061369122,0.8672300377732379,0.8639135272962385,0.9918769551700072,0.8034395803855018,1.0129123077877507,0.56499944685174,1.5544333207441363,0.5408111017872663,1.597450186774333,0.68
4,b_pillar,0.455,-0.2386965000000001,0.1449824167247467,0.5601167801714781,0.20071033181518824,0.7369957633835238,0.5058108918154007,0.7958005280746017,0.8797542587417558,0.8258753707550514,0.9586444661443067,0.7680640948021978,0.9796798187620501,0.5401224924738036,1.577503133969803,0.5608148012885854,1.6205199999999997,0.8
5,front_door,0.585,0.3487292999999996,0.1449824167247467,0.5637752284101533,0.20071033181518824,0.7418095110659912,0.5042139916679043,0.7996916314033601,0.876582637615478,0.8292114681329261,0.9103487298436816,0.7711666653636213,0.931384082461425,0.5423043001589337,1.457762954812609,0.5065115111265117,1.5007798208428058,0.68
6,a_pillar,0.69,0.8231885999999995,0.1449824167247467,0.5964620225891716,0.20071033181518824,0.7848184507752257,0.4981511024333944,0.8384019660071071,0.8645410659413822,0.865231551520853,0.8645410659413822,0.8046653429143932,0.8853577281069621,0.23358881280216376,1.172604905914037,0.12542938995259037,1.215621771944234,0.68
7,hood_rear,0.77,1.1846813999999997,0.1449824167247467,0.6486321373599279,0.20071033181518824,0.8534633386314839,0.49097511562444773,0.9005907450337721,0.8502887588069461,0.9233592656331878,0.8803612731670742,0.8587241170388648,0.9013966257848176,0.09233592656331878,1.1072349543000488,0.06001835226615721,1.1502518203302454,0.68
8,front_axle,0.8122091062394603,1.3754099999999996,0.1449824167247467,0.6609254782754731,0.20071033181518824,0.8696387872045699,0.4849387220841947,0.9121101008499656,0.8382998105256103,0.9321190060061417,0.8651973756020841,0.8668706755857118,0.8862327282198275,0.09321190060061417,1.0943247902080375,0.06058773539039922,1.1373416562382344,0.8
9,nose,0.945,1.9754468999999997,0.1449824167247467,0.5487483050663576,0.20071033181518824,0.7220372435083653,0.42743065708720185,0.7492590825902502,0.7232727889402293,0.7612479569103201,0.7352645800338635,0.7079605999265977,0.7562999326516069,0.076124795691032,0.9342679620249977,0.04948111719917081,0.9772848280551946,0.68
10,front_face,1.0,2.2239731999999997,0.15823911791573547,0.3159974359534819,0.20071033181518824,0.41578609993879195,0.3861225620738834,0.4310605448382055,0.6108316666939722,0.43773359205043416,0.6108316666939722,0.4070922406069038,0.6316880784826576,0.04377335920504342,0.7628517710283612,0.028452683483278222,0.805868637058558,0.68
