object_id,category,extent_awareness,collision_positioning,orientation_awareness,connection_point_count,connection_graph_count,growth_awareness,biological_profile,biological_profile_validation_expected,building_placement_ready,all_biological_domains_ready,identity_resolution,root_calibration_state,canopy_calibration_state,biomechanical_calibration_state,camera_contract,triangle_distribution_contract,fidelity_contract,coverage_passed
SMB_VEGETATION_COURTYARD_CANOPY_TREE,Tree,true,true,true,2,9,true,true,true,true,false,ArchitecturalArchetype,UseAuthoredSafetyEnvelopeUntilCalibrated,RequiredBeforeLightInterceptionSimulation,RequiredBeforePhysicalWindSimulation,true,true,true,true
SMB_VEGETATION_SCULPTURAL_LSYSTEM_TREE,Tree,true,true,true,2,9,true,true,true,true,false,ArchitecturalArchetype,UseAuthoredSafetyEnvelopeUntilCalibrated,RequiredBeforeLightInterceptionSimulation,RequiredBeforePhysicalWindSimulation,true,true,true,true
SMB_VEGETATION_FLOWERING_PLANT_CLUSTER,Plant,true,true,true,3,10,true,true,true,true,false,ArchitecturalArchetype,UseAuthoredSafetyEnvelopeUntilCalibrated,RequiredBeforeLightInterceptionSimulation,RequiredBeforePhysicalWindSimulation,true,true,true,true
SMB_VEGETATION_IVY_PRIVACY_SCREEN,Vine,true,true,true,3,10,true,true,true,true,false,ArchitecturalArchetype,UseAuthoredSafetyEnvelopeUntilCalibrated,RequiredBeforeLightInterceptionSimulation,RequiredBeforePhysicalWindSimulation,true,true,true,true
SMB_VEGETATION_TENDRIL_PERGOLA_VINE,Vine,true,true,true,3,10,true,true,true,true,false,ArchitecturalArchetype,UseAuthoredSafetyEnvelopeUntilCalibrated,RequiredBeforeLightInterceptionSimulation,RequiredBeforePhysicalWindSimulation,true,true,true,true
SMB_VEGETATION_COLUMNAR_ENTRY_TREE,Tree,true,true,true,2,9,true,true,true,true,false,ArchitecturalArchetype,UseAuthoredSafetyEnvelopeUntilCalibrated,RequiredBeforeLightInterceptionSimulation,RequiredBeforePhysicalWindSimulation,true,true,true,true
SMB_VEGETATION_MULTI_STEM_BIRCH_TREE,Tree,true,true,true,2,9,true,true,true,true,false,ArchitecturalArchetype,UseAuthoredSafetyEnvelopeUntilCalibrated,RequiredBeforeLightInterceptionSimulation,RequiredBeforePhysicalWindSimulation,true,true,true,true
SMB_VEGETATION_OLIVE_COURTYARD_TREE,Tree,true,true,true,2,9,true,true,true,true,false,ArchitecturalArchetype,UseAuthoredSafetyEnvelopeUntilCalibrated,RequiredBeforeLightInterceptionSimulation,RequiredBeforePhysicalWindSimulation,true,true,true,true
SMB_VEGETATION_PALM_ACCENT_TREE,Tree,true,true,true,2,9,true,true,true,true,false,ArchitecturalArchetype,UseAuthoredSafetyEnvelopeUntilCalibrated,RequiredBeforeLightInterceptionSimulation,RequiredBeforePhysicalWindSimulation,true,true,true,true
SMB_VEGETATION_FLOWERING_ORNAMENTAL_TREE,Tree,true,true,true,2,9,true,true,true,true,false,ArchitecturalArchetype,UseAuthoredSafetyEnvelopeUntilCalibrated,RequiredBeforeLightInterceptionSimulation,RequiredBeforePhysicalWindSimulation,true,true,true,true
SMB_VEGETATION_EVERGREEN_SCREEN_TREE,Tree,true,true,true,2,9,true,true,true,true,false,ArchitecturalArchetype,UseAuthoredSafetyEnvelopeUntilCalibrated,RequiredBeforeLightInterceptionSimulation,RequiredBeforePhysicalWindSimulation,true,true,true,true
SMB_VEGETATION_BONSAI_COURTYARD_TREE,Tree,true,true,true,2,9,true,true,true,true,false,ArchitecturalArchetype,UseAuthoredSafetyEnvelopeUntilCalibrated,RequiredBeforeLightInterceptionSimulation,RequiredBeforePhysicalWindSimulation,true,true,true,true
SMB_VEGETATION_RAIN_GARDEN_CANOPY_TREE,Tree,true,true,true,2,9,true,true,true,true,false,ArchitecturalArchetype,UseAuthoredSafetyEnvelopeUntilCalibrated,RequiredBeforeLightInterceptionSimulation,RequiredBeforePhysicalWindSimulation,true,true,true,true
SMB_VEGETATION_CLIPPED_BOX_HEDGE,Shrub,true,true,true,3,10,true,true,true,true,false,ArchitecturalArchetype,UseAuthoredSafetyEnvelopeUntilCalibrated,RequiredBeforeLightInterceptionSimulation,RequiredBeforePhysicalWindSimulation,true,true,true,true
SMB_VEGETATION_FLOWERING_HYDRANGEA_SHRUB,Shrub,true,true,true,3,10,true,true,true,true,false,ArchitecturalArchetype,UseAuthoredSafetyEnvelopeUntilCalibrated,RequiredBeforeLightInterceptionSimulation,RequiredBeforePhysicalWindSimulation,true,true,true,true
SMB_VEGETATION_SCULPTURAL_AGAVE_CLUSTER,Shrub,true,true,true,3,10,true,true,true,true,false,ArchitecturalArchetype,UseAuthoredSafetyEnvelopeUntilCalibrated,RequiredBeforeLightInterceptionSimulation,RequiredBeforePhysicalWindSimulation,true,true,true,true
SMB_VEGETATION_FERN_UNDERSTOREY_CLUSTER,Shrub,true,true,true,3,10,true,true,true,true,false,ArchitecturalArchetype,UseAuthoredSafetyEnvelopeUntilCalibrated,RequiredBeforeLightInterceptionSimulation,RequiredBeforePhysicalWindSimulation,true,true,true,true
SMB_VEGETATION_BAMBOO_SCREEN_CLUSTER,Shrub,true,true,true,3,10,true,true,true,true,false,ArchitecturalArchetype,UseAuthoredSafetyEnvelopeUntilCalibrated,RequiredBeforeLightInterceptionSimulation,RequiredBeforePhysicalWindSimulation,true,true,true,true
SMB_VEGETATION_SUCCULENT_ROCKERY_CLUSTER,Shrub,true,true,true,3,10,true,true,true,true,false,ArchitecturalArchetype,UseAuthoredSafetyEnvelopeUntilCalibrated,RequiredBeforeLightInterceptionSimulation,RequiredBeforePhysicalWindSimulation,true,true,true,true
SMB_VEGETATION_TOPIARY_SPHERE_SHRUB,Shrub,true,true,true,3,10,true,true,true,true,false,ArchitecturalArchetype,UseAuthoredSafetyEnvelopeUntilCalibrated,RequiredBeforeLightInterceptionSimulation,RequiredBeforePhysicalWindSimulation,true,true,true,true
SMB_VEGETATION_NATIVE_PRIVACY_SHRUB,Shrub,true,true,true,3,10,true,true,true,true,false,ArchitecturalArchetype,UseAuthoredSafetyEnvelopeUntilCalibrated,RequiredBeforeLightInterceptionSimulation,RequiredBeforePhysicalWindSimulation,true,true,true,true
SMB_VEGETATION_FEATHER_REED_GRASS,Grass,true,true,true,3,10,true,true,true,true,false,ArchitecturalArchetype,UseAuthoredSafetyEnvelopeUntilCalibrated,RequiredBeforeLightInterceptionSimulation,RequiredBeforePhysicalWindSimulation,true,true,true,true
SMB_VEGETATION_FOUNTAIN_GRASS,Grass,true,true,true,3,10,true,true,true,true,false,ArchitecturalArchetype,UseAuthoredSafetyEnvelopeUntilCalibrated,RequiredBeforeLightInterceptionSimulation,RequiredBeforePhysicalWindSimulation,true,true,true,true
SMB_VEGETATION_BLUE_FESCUE_GRASS,Grass,true,true,true,3,10,true,true,true,true,false,ArchitecturalArchetype,UseAuthoredSafetyEnvelopeUntilCalibrated,RequiredBeforeLightInterceptionSimulation,RequiredBeforePhysicalWindSimulation,true,true,true,true
SMB_VEGETATION_LOMANDRA_GRASS,Grass,true,true,true,3,10,true,true,true,true,false,ArchitecturalArchetype,UseAuthoredSafetyEnvelopeUntilCalibrated,RequiredBeforeLightInterceptionSimulation,RequiredBeforePhysicalWindSimulation,true,true,true,true
SMB_VEGETATION_MISCANTHUS_GRASS,Grass,true,true,true,3,10,true,true,true,true,false,ArchitecturalArchetype,UseAuthoredSafetyEnvelopeUntilCalibrated,RequiredBeforeLightInterceptionSimulation,RequiredBeforePhysicalWindSimulation,true,true,true,true
SMB_VEGETATION_PAMPAS_GRASS,Grass,true,true,true,3,10,true,true,true,true,false,ArchitecturalArchetype,UseAuthoredSafetyEnvelopeUntilCalibrated,RequiredBeforeLightInterceptionSimulation,RequiredBeforePhysicalWindSimulation,true,true,true,true
SMB_VEGETATION_MONDO_GRASS,Grass,true,true,true,3,10,true,true,true,true,false,ArchitecturalArchetype,UseAuthoredSafetyEnvelopeUntilCalibrated,RequiredBeforeLightInterceptionSimulation,RequiredBeforePhysicalWindSimulation,true,true,true,true
SMB_VEGETATION_SWITCHGRASS,Grass,true,true,true,3,10,true,true,true,true,false,ArchitecturalArchetype,UseAuthoredSafetyEnvelopeUntilCalibrated,RequiredBeforeLightInterceptionSimulation,RequiredBeforePhysicalWindSimulation,true,true,true,true
SMB_VEGETATION_ARCHITECTURAL_SEDGE,Grass,true,true,true,3,10,true,true,true,true,false,ArchitecturalArchetype,UseAuthoredSafetyEnvelopeUntilCalibrated,RequiredBeforeLightInterceptionSimulation,RequiredBeforePhysicalWindSimulation,true,true,true,true
SMB_VEGETATION_DWARF_BAMBOO_GRASS,Grass,true,true,true,3,10,true,true,true,true,false,ArchitecturalArchetype,UseAuthoredSafetyEnvelopeUntilCalibrated,RequiredBeforeLightInterceptionSimulation,RequiredBeforePhysicalWindSimulation,true,true,true,true
SMB_VEGETATION_CREEPING_THYME_GROUNDCOVER,Groundcover,true,true,true,3,10,true,true,true,true,false,ArchitecturalArchetype,UseAuthoredSafetyEnvelopeUntilCalibrated,RequiredBeforeLightInterceptionSimulation,RequiredBeforePhysicalWindSimulation,true,true,true,true
SMB_VEGETATION_DICHONDRA_SILVER_GROUNDCOVER,Groundcover,true,true,true,3,10,true,true,true,true,false,ArchitecturalArchetype,UseAuthoredSafetyEnvelopeUntilCalibrated,RequiredBeforeLightInterceptionSimulation,RequiredBeforePhysicalWindSimulation,true,true,true,true
SMB_VEGETATION_IVY_GROUNDCOVER,Groundcover,true,true,true,3,10,true,true,true,true,false,ArchitecturalArchetype,UseAuthoredSafetyEnvelopeUntilCalibrated,RequiredBeforeLightInterceptionSimulation,RequiredBeforePhysicalWindSimulation,true,true,true,true
SMB_VEGETATION_FLOWERING_MEADOW_MAT,Groundcover,true,true,true,3,10,true,true,true,true,false,ArchitecturalArchetype,UseAuthoredSafetyEnvelopeUntilCalibrated,RequiredBeforeLightInterceptionSimulation,RequiredBeforePhysicalWindSimulation,true,true,true,true
SMB_VEGETATION_MOSS_FERN_CARPET,Groundcover,true,true,true,3,10,true,true,true,true,false,ArchitecturalArchetype,UseAuthoredSafetyEnvelopeUntilCalibrated,RequiredBeforeLightInterceptionSimulation,RequiredBeforePhysicalWindSimulation,true,true,true,true
SMB_VEGETATION_JASMINE_WALL_CLIMBER,Vine,true,true,true,3,10,true,true,true,true,false,ArchitecturalArchetype,UseAuthoredSafetyEnvelopeUntilCalibrated,RequiredBeforeLightInterceptionSimulation,RequiredBeforePhysicalWindSimulation,true,true,true,true
SMB_VEGETATION_WISTERIA_PERGOLA,Vine,true,true,true,3,10,true,true,true,true,false,ArchitecturalArchetype,UseAuthoredSafetyEnvelopeUntilCalibrated,RequiredBeforeLightInterceptionSimulation,RequiredBeforePhysicalWindSimulation,true,true,true,true
SMB_VEGETATION_BOUGAINVILLEA_TRELLIS,Vine,true,true,true,3,10,true,true,true,true,false,ArchitecturalArchetype,UseAuthoredSafetyEnvelopeUntilCalibrated,RequiredBeforeLightInterceptionSimulation,RequiredBeforePhysicalWindSimulation,true,true,true,true
SMB_VEGETATION_GRAPE_ARBOR_VINE,Vine,true,true,true,3,10,true,true,true,true,false,ArchitecturalArchetype,UseAuthoredSafetyEnvelopeUntilCalibrated,RequiredBeforeLightInterceptionSimulation,RequiredBeforePhysicalWindSimulation,true,true,true,true
SMB_VEGETATION_GREEN_FACADE_CABLE_VINE,Vine,true,true,true,3,10,true,true,true,true,false,ArchitecturalArchetype,UseAuthoredSafetyEnvelopeUntilCalibrated,RequiredBeforeLightInterceptionSimulation,RequiredBeforePhysicalWindSimulation,true,true,true,true
SMB_VEGETATION_INDOOR_FICUS_PLANTER,Plant,true,true,true,3,10,true,true,true,true,false,ArchitecturalArchetype,UseAuthoredSafetyEnvelopeUntilCalibrated,RequiredBeforeLightInterceptionSimulation,RequiredBeforePhysicalWindSimulation,true,true,true,true
SMB_VEGETATION_SNAKE_PLANT_TROUGH,Plant,true,true,true,3,10,true,true,true,true,false,ArchitecturalArchetype,UseAuthoredSafetyEnvelopeUntilCalibrated,RequiredBeforeLightInterceptionSimulation,RequiredBeforePhysicalWindSimulation,true,true,true,true
SMB_VEGETATION_HANGING_FERN_PLANTER,Plant,true,true,true,3,10,true,true,true,true,false,ArchitecturalArchetype,UseAuthoredSafetyEnvelopeUntilCalibrated,RequiredBeforeLightInterceptionSimulation,RequiredBeforePhysicalWindSimulation,true,true,true,true
SMB_VEGETATION_KITCHEN_HERB_PLANTER,Plant,true,true,true,3,10,true,true,true,true,false,ArchitecturalArchetype,UseAuthoredSafetyEnvelopeUntilCalibrated,RequiredBeforeLightInterceptionSimulation,RequiredBeforePhysicalWindSimulation,true,true,true,true
SMB_VEGETATION_RAIN_GARDEN_REED_BED,EcologicalPlanting,true,true,true,3,10,true,true,true,true,false,ArchitecturalArchetype,UseAuthoredSafetyEnvelopeUntilCalibrated,RequiredBeforeLightInterceptionSimulation,RequiredBeforePhysicalWindSimulation,true,true,true,true
SMB_VEGETATION_POOLSIDE_TROPICAL_CLUSTER,EcologicalPlanting,true,true,true,3,10,true,true,true,true,false,ArchitecturalArchetype,UseAuthoredSafetyEnvelopeUntilCalibrated,RequiredBeforeLightInterceptionSimulation,RequiredBeforePhysicalWindSimulation,true,true,true,true
SMB_VEGETATION_BIOSWALE_SEDGE_MODULE,EcologicalPlanting,true,true,true,3,10,true,true,true,true,false,ArchitecturalArchetype,UseAuthoredSafetyEnvelopeUntilCalibrated,RequiredBeforeLightInterceptionSimulation,RequiredBeforePhysicalWindSimulation,true,true,true,true
SMB_VEGETATION_AQUATIC_LILY_PLANTER,EcologicalPlanting,true,true,true,3,10,true,true,true,true,false,ArchitecturalArchetype,UseAuthoredSafetyEnvelopeUntilCalibrated,RequiredBeforeLightInterceptionSimulation,RequiredBeforePhysicalWindSimulation,true,true,true,true
SMB_VEGETATION_GREEN_ROOF_MODULE,EcologicalPlanting,true,true,true,3,10,true,true,true,true,false,ArchitecturalArchetype,UseAuthoredSafetyEnvelopeUntilCalibrated,RequiredBeforeLightInterceptionSimulation,RequiredBeforePhysicalWindSimulation,true,true,true,true
