object_id,object_class,category,primitive,covered
SMB_VEGETATION_COURTYARD_CANOPY_TREE,ArchitecturalCanopyTree,Tree,TaperedSweep,true
SMB_VEGETATION_COURTYARD_CANOPY_TREE,ArchitecturalCanopyTree,Tree,BranchJunction,true
SMB_VEGETATION_COURTYARD_CANOPY_TREE,ArchitecturalCanopyTree,Tree,LeafBlade,true
SMB_VEGETATION_SCULPTURAL_LSYSTEM_TREE,SculpturalLSystemTree,Tree,Plant,true
SMB_VEGETATION_SCULPTURAL_LSYSTEM_TREE,SculpturalLSystemTree,Tree,TaperedSweep,true
SMB_VEGETATION_SCULPTURAL_LSYSTEM_TREE,SculpturalLSystemTree,Tree,LeafBlade,true
SMB_VEGETATION_FLOWERING_PLANT_CLUSTER,LayeredFloweringPlantCluster,Plant,Plant,true
SMB_VEGETATION_FLOWERING_PLANT_CLUSTER,LayeredFloweringPlantCluster,Plant,ScatterRegion,true
SMB_VEGETATION_FLOWERING_PLANT_CLUSTER,LayeredFloweringPlantCluster,Plant,LeafBlade,true
SMB_VEGETATION_FLOWERING_PLANT_CLUSTER,LayeredFloweringPlantCluster,Plant,PetalBlade,true
SMB_VEGETATION_IVY_PRIVACY_SCREEN,WallClimbingIvyPrivacyScreen,Vine,Vine,true
SMB_VEGETATION_IVY_PRIVACY_SCREEN,WallClimbingIvyPrivacyScreen,Vine,LeafBlade,true
SMB_VEGETATION_TENDRIL_PERGOLA_VINE,TendrilPergolaVine,Vine,Vine,true
SMB_VEGETATION_TENDRIL_PERGOLA_VINE,TendrilPergolaVine,Vine,BranchJunction,true
SMB_VEGETATION_TENDRIL_PERGOLA_VINE,TendrilPergolaVine,Vine,LeafBlade,true
SMB_VEGETATION_TENDRIL_PERGOLA_VINE,TendrilPergolaVine,Vine,PetalBlade,true
SMB_VEGETATION_COLUMNAR_ENTRY_TREE,ColumnarEntryTree,Tree,Plant,true
SMB_VEGETATION_COLUMNAR_ENTRY_TREE,ColumnarEntryTree,Tree,TaperedSweep,true
SMB_VEGETATION_COLUMNAR_ENTRY_TREE,ColumnarEntryTree,Tree,BranchJunction,true
SMB_VEGETATION_COLUMNAR_ENTRY_TREE,ColumnarEntryTree,Tree,LeafBlade,true
SMB_VEGETATION_MULTI_STEM_BIRCH_TREE,MultiStemBirchTree,Tree,Plant,true
SMB_VEGETATION_MULTI_STEM_BIRCH_TREE,MultiStemBirchTree,Tree,TaperedSweep,true
SMB_VEGETATION_MULTI_STEM_BIRCH_TREE,MultiStemBirchTree,Tree,BranchJunction,true
SMB_VEGETATION_MULTI_STEM_BIRCH_TREE,MultiStemBirchTree,Tree,LeafBlade,true
SMB_VEGETATION_OLIVE_COURTYARD_TREE,OliveCourtyardTree,Tree,Plant,true
SMB_VEGETATION_OLIVE_COURTYARD_TREE,OliveCourtyardTree,Tree,TaperedSweep,true
SMB_VEGETATION_OLIVE_COURTYARD_TREE,OliveCourtyardTree,Tree,BranchJunction,true
SMB_VEGETATION_OLIVE_COURTYARD_TREE,OliveCourtyardTree,Tree,LeafBlade,true
SMB_VEGETATION_PALM_ACCENT_TREE,PalmAccentTree,Tree,Plant,true
SMB_VEGETATION_PALM_ACCENT_TREE,PalmAccentTree,Tree,TaperedSweep,true
SMB_VEGETATION_PALM_ACCENT_TREE,PalmAccentTree,Tree,BranchJunction,true
SMB_VEGETATION_PALM_ACCENT_TREE,PalmAccentTree,Tree,LeafBlade,true
SMB_VEGETATION_FLOWERING_ORNAMENTAL_TREE,FloweringOrnamentalTree,Tree,Plant,true
SMB_VEGETATION_FLOWERING_ORNAMENTAL_TREE,FloweringOrnamentalTree,Tree,TaperedSweep,true
SMB_VEGETATION_FLOWERING_ORNAMENTAL_TREE,FloweringOrnamentalTree,Tree,BranchJunction,true
SMB_VEGETATION_FLOWERING_ORNAMENTAL_TREE,FloweringOrnamentalTree,Tree,LeafBlade,true
SMB_VEGETATION_EVERGREEN_SCREEN_TREE,EvergreenScreenTree,Tree,Plant,true
SMB_VEGETATION_EVERGREEN_SCREEN_TREE,EvergreenScreenTree,Tree,TaperedSweep,true
SMB_VEGETATION_EVERGREEN_SCREEN_TREE,EvergreenScreenTree,Tree,BranchJunction,true
SMB_VEGETATION_EVERGREEN_SCREEN_TREE,EvergreenScreenTree,Tree,LeafBlade,true
SMB_VEGETATION_BONSAI_COURTYARD_TREE,BonsaiCourtyardTree,Tree,Plant,true
SMB_VEGETATION_BONSAI_COURTYARD_TREE,BonsaiCourtyardTree,Tree,TaperedSweep,true
SMB_VEGETATION_BONSAI_COURTYARD_TREE,BonsaiCourtyardTree,Tree,BranchJunction,true
SMB_VEGETATION_BONSAI_COURTYARD_TREE,BonsaiCourtyardTree,Tree,LeafBlade,true
SMB_VEGETATION_RAIN_GARDEN_CANOPY_TREE,RainGardenCanopyTree,Tree,Plant,true
SMB_VEGETATION_RAIN_GARDEN_CANOPY_TREE,RainGardenCanopyTree,Tree,TaperedSweep,true
SMB_VEGETATION_RAIN_GARDEN_CANOPY_TREE,RainGardenCanopyTree,Tree,BranchJunction,true
SMB_VEGETATION_RAIN_GARDEN_CANOPY_TREE,RainGardenCanopyTree,Tree,LeafBlade,true
SMB_VEGETATION_CLIPPED_BOX_HEDGE,ClippedBoxHedge,Shrub,Plant,true
SMB_VEGETATION_CLIPPED_BOX_HEDGE,ClippedBoxHedge,Shrub,LeafBlade,true
SMB_VEGETATION_CLIPPED_BOX_HEDGE,ClippedBoxHedge,Shrub,PetalBlade,true
SMB_VEGETATION_FLOWERING_HYDRANGEA_SHRUB,FloweringHydrangeaShrub,Shrub,Plant,true
SMB_VEGETATION_FLOWERING_HYDRANGEA_SHRUB,FloweringHydrangeaShrub,Shrub,LeafBlade,true
SMB_VEGETATION_FLOWERING_HYDRANGEA_SHRUB,FloweringHydrangeaShrub,Shrub,PetalBlade,true
SMB_VEGETATION_SCULPTURAL_AGAVE_CLUSTER,SculpturalAgaveCluster,Shrub,Plant,true
SMB_VEGETATION_SCULPTURAL_AGAVE_CLUSTER,SculpturalAgaveCluster,Shrub,LeafBlade,true
SMB_VEGETATION_SCULPTURAL_AGAVE_CLUSTER,SculpturalAgaveCluster,Shrub,PetalBlade,true
SMB_VEGETATION_FERN_UNDERSTOREY_CLUSTER,FernUnderstoreyCluster,Shrub,Plant,true
SMB_VEGETATION_FERN_UNDERSTOREY_CLUSTER,FernUnderstoreyCluster,Shrub,LeafBlade,true
SMB_VEGETATION_FERN_UNDERSTOREY_CLUSTER,FernUnderstoreyCluster,Shrub,PetalBlade,true
SMB_VEGETATION_BAMBOO_SCREEN_CLUSTER,BambooScreenCluster,Shrub,Plant,true
SMB_VEGETATION_BAMBOO_SCREEN_CLUSTER,BambooScreenCluster,Shrub,LeafBlade,true
SMB_VEGETATION_BAMBOO_SCREEN_CLUSTER,BambooScreenCluster,Shrub,PetalBlade,true
SMB_VEGETATION_SUCCULENT_ROCKERY_CLUSTER,SucculentRockeryCluster,Shrub,Plant,true
SMB_VEGETATION_SUCCULENT_ROCKERY_CLUSTER,SucculentRockeryCluster,Shrub,LeafBlade,true
SMB_VEGETATION_SUCCULENT_ROCKERY_CLUSTER,SucculentRockeryCluster,Shrub,PetalBlade,true
SMB_VEGETATION_TOPIARY_SPHERE_SHRUB,TopiarySphereShrub,Shrub,Plant,true
SMB_VEGETATION_TOPIARY_SPHERE_SHRUB,TopiarySphereShrub,Shrub,LeafBlade,true
SMB_VEGETATION_TOPIARY_SPHERE_SHRUB,TopiarySphereShrub,Shrub,PetalBlade,true
SMB_VEGETATION_NATIVE_PRIVACY_SHRUB,NativePrivacyShrub,Shrub,Plant,true
SMB_VEGETATION_NATIVE_PRIVACY_SHRUB,NativePrivacyShrub,Shrub,LeafBlade,true
SMB_VEGETATION_NATIVE_PRIVACY_SHRUB,NativePrivacyShrub,Shrub,PetalBlade,true
SMB_VEGETATION_FEATHER_REED_GRASS,FeatherReedGrass,Grass,Plant,true
SMB_VEGETATION_FEATHER_REED_GRASS,FeatherReedGrass,Grass,ScatterRegion,true
SMB_VEGETATION_FEATHER_REED_GRASS,FeatherReedGrass,Grass,LeafBlade,true
SMB_VEGETATION_FOUNTAIN_GRASS,FountainGrass,Grass,Plant,true
SMB_VEGETATION_FOUNTAIN_GRASS,FountainGrass,Grass,ScatterRegion,true
SMB_VEGETATION_FOUNTAIN_GRASS,FountainGrass,Grass,LeafBlade,true
SMB_VEGETATION_BLUE_FESCUE_GRASS,BlueFescueGrass,Grass,Plant,true
SMB_VEGETATION_BLUE_FESCUE_GRASS,BlueFescueGrass,Grass,ScatterRegion,true
SMB_VEGETATION_BLUE_FESCUE_GRASS,BlueFescueGrass,Grass,LeafBlade,true
SMB_VEGETATION_LOMANDRA_GRASS,LomandraGrass,Grass,Plant,true
SMB_VEGETATION_LOMANDRA_GRASS,LomandraGrass,Grass,ScatterRegion,true
SMB_VEGETATION_LOMANDRA_GRASS,LomandraGrass,Grass,LeafBlade,true
SMB_VEGETATION_MISCANTHUS_GRASS,MiscanthusGrass,Grass,Plant,true
SMB_VEGETATION_MISCANTHUS_GRASS,MiscanthusGrass,Grass,ScatterRegion,true
SMB_VEGETATION_MISCANTHUS_GRASS,MiscanthusGrass,Grass,LeafBlade,true
SMB_VEGETATION_PAMPAS_GRASS,PampasGrass,Grass,Plant,true
SMB_VEGETATION_PAMPAS_GRASS,PampasGrass,Grass,ScatterRegion,true
SMB_VEGETATION_PAMPAS_GRASS,PampasGrass,Grass,LeafBlade,true
SMB_VEGETATION_MONDO_GRASS,MondoGrass,Grass,Plant,true
SMB_VEGETATION_MONDO_GRASS,MondoGrass,Grass,ScatterRegion,true
SMB_VEGETATION_MONDO_GRASS,MondoGrass,Grass,LeafBlade,true
SMB_VEGETATION_SWITCHGRASS,Switchgrass,Grass,Plant,true
SMB_VEGETATION_SWITCHGRASS,Switchgrass,Grass,ScatterRegion,true
SMB_VEGETATION_SWITCHGRASS,Switchgrass,Grass,LeafBlade,true
SMB_VEGETATION_ARCHITECTURAL_SEDGE,ArchitecturalSedge,Grass,Plant,true
SMB_VEGETATION_ARCHITECTURAL_SEDGE,ArchitecturalSedge,Grass,ScatterRegion,true
SMB_VEGETATION_ARCHITECTURAL_SEDGE,ArchitecturalSedge,Grass,LeafBlade,true
SMB_VEGETATION_DWARF_BAMBOO_GRASS,DwarfBambooGrass,Grass,Plant,true
SMB_VEGETATION_DWARF_BAMBOO_GRASS,DwarfBambooGrass,Grass,ScatterRegion,true
SMB_VEGETATION_DWARF_BAMBOO_GRASS,DwarfBambooGrass,Grass,LeafBlade,true
SMB_VEGETATION_CREEPING_THYME_GROUNDCOVER,CreepingThymeGroundcover,Groundcover,ScatterRegion,true
SMB_VEGETATION_CREEPING_THYME_GROUNDCOVER,CreepingThymeGroundcover,Groundcover,LeafBlade,true
SMB_VEGETATION_CREEPING_THYME_GROUNDCOVER,CreepingThymeGroundcover,Groundcover,PetalBlade,true
SMB_VEGETATION_DICHONDRA_SILVER_GROUNDCOVER,DichondraSilverGroundcover,Groundcover,ScatterRegion,true
SMB_VEGETATION_DICHONDRA_SILVER_GROUNDCOVER,DichondraSilverGroundcover,Groundcover,LeafBlade,true
SMB_VEGETATION_DICHONDRA_SILVER_GROUNDCOVER,DichondraSilverGroundcover,Groundcover,PetalBlade,true
SMB_VEGETATION_IVY_GROUNDCOVER,IvyGroundcover,Groundcover,ScatterRegion,true
SMB_VEGETATION_IVY_GROUNDCOVER,IvyGroundcover,Groundcover,LeafBlade,true
SMB_VEGETATION_IVY_GROUNDCOVER,IvyGroundcover,Groundcover,PetalBlade,true
SMB_VEGETATION_FLOWERING_MEADOW_MAT,FloweringMeadowMat,Groundcover,ScatterRegion,true
SMB_VEGETATION_FLOWERING_MEADOW_MAT,FloweringMeadowMat,Groundcover,LeafBlade,true
SMB_VEGETATION_FLOWERING_MEADOW_MAT,FloweringMeadowMat,Groundcover,PetalBlade,true
SMB_VEGETATION_MOSS_FERN_CARPET,MossFernCarpet,Groundcover,ScatterRegion,true
SMB_VEGETATION_MOSS_FERN_CARPET,MossFernCarpet,Groundcover,LeafBlade,true
SMB_VEGETATION_MOSS_FERN_CARPET,MossFernCarpet,Groundcover,PetalBlade,true
SMB_VEGETATION_JASMINE_WALL_CLIMBER,JasmineWallClimber,Vine,Vine,true
SMB_VEGETATION_JASMINE_WALL_CLIMBER,JasmineWallClimber,Vine,LeafBlade,true
SMB_VEGETATION_WISTERIA_PERGOLA,WisteriaPergola,Vine,Vine,true
SMB_VEGETATION_WISTERIA_PERGOLA,WisteriaPergola,Vine,LeafBlade,true
SMB_VEGETATION_BOUGAINVILLEA_TRELLIS,BougainvilleaTrellis,Vine,Vine,true
SMB_VEGETATION_BOUGAINVILLEA_TRELLIS,BougainvilleaTrellis,Vine,LeafBlade,true
SMB_VEGETATION_GRAPE_ARBOR_VINE,GrapeArborVine,Vine,Vine,true
SMB_VEGETATION_GRAPE_ARBOR_VINE,GrapeArborVine,Vine,LeafBlade,true
SMB_VEGETATION_GREEN_FACADE_CABLE_VINE,GreenFacadeCableVine,Vine,Vine,true
SMB_VEGETATION_GREEN_FACADE_CABLE_VINE,GreenFacadeCableVine,Vine,LeafBlade,true
SMB_VEGETATION_INDOOR_FICUS_PLANTER,IndoorFicusPlanter,Plant,Plant,true
SMB_VEGETATION_INDOOR_FICUS_PLANTER,IndoorFicusPlanter,Plant,LeafBlade,true
SMB_VEGETATION_INDOOR_FICUS_PLANTER,IndoorFicusPlanter,Plant,PetalBlade,true
SMB_VEGETATION_SNAKE_PLANT_TROUGH,SnakePlantTrough,Plant,Plant,true
SMB_VEGETATION_SNAKE_PLANT_TROUGH,SnakePlantTrough,Plant,LeafBlade,true
SMB_VEGETATION_SNAKE_PLANT_TROUGH,SnakePlantTrough,Plant,PetalBlade,true
SMB_VEGETATION_HANGING_FERN_PLANTER,HangingFernPlanter,Plant,Plant,true
SMB_VEGETATION_HANGING_FERN_PLANTER,HangingFernPlanter,Plant,LeafBlade,true
SMB_VEGETATION_HANGING_FERN_PLANTER,HangingFernPlanter,Plant,PetalBlade,true
SMB_VEGETATION_KITCHEN_HERB_PLANTER,KitchenHerbPlanter,Plant,Plant,true
SMB_VEGETATION_KITCHEN_HERB_PLANTER,KitchenHerbPlanter,Plant,LeafBlade,true
SMB_VEGETATION_KITCHEN_HERB_PLANTER,KitchenHerbPlanter,Plant,PetalBlade,true
SMB_VEGETATION_RAIN_GARDEN_REED_BED,RainGardenReedBed,EcologicalPlanting,Plant,true
SMB_VEGETATION_RAIN_GARDEN_REED_BED,RainGardenReedBed,EcologicalPlanting,ScatterRegion,true
SMB_VEGETATION_RAIN_GARDEN_REED_BED,RainGardenReedBed,EcologicalPlanting,LeafBlade,true
SMB_VEGETATION_RAIN_GARDEN_REED_BED,RainGardenReedBed,EcologicalPlanting,PetalBlade,true
SMB_VEGETATION_POOLSIDE_TROPICAL_CLUSTER,PoolsideTropicalCluster,EcologicalPlanting,Plant,true
SMB_VEGETATION_POOLSIDE_TROPICAL_CLUSTER,PoolsideTropicalCluster,EcologicalPlanting,ScatterRegion,true
SMB_VEGETATION_POOLSIDE_TROPICAL_CLUSTER,PoolsideTropicalCluster,EcologicalPlanting,LeafBlade,true
SMB_VEGETATION_POOLSIDE_TROPICAL_CLUSTER,PoolsideTropicalCluster,EcologicalPlanting,PetalBlade,true
SMB_VEGETATION_BIOSWALE_SEDGE_MODULE,BioswaleSedgeModule,EcologicalPlanting,Plant,true
SMB_VEGETATION_BIOSWALE_SEDGE_MODULE,BioswaleSedgeModule,EcologicalPlanting,ScatterRegion,true
SMB_VEGETATION_BIOSWALE_SEDGE_MODULE,BioswaleSedgeModule,EcologicalPlanting,LeafBlade,true
SMB_VEGETATION_BIOSWALE_SEDGE_MODULE,BioswaleSedgeModule,EcologicalPlanting,PetalBlade,true
SMB_VEGETATION_AQUATIC_LILY_PLANTER,AquaticLilyPlanter,EcologicalPlanting,Plant,true
SMB_VEGETATION_AQUATIC_LILY_PLANTER,AquaticLilyPlanter,EcologicalPlanting,ScatterRegion,true
SMB_VEGETATION_AQUATIC_LILY_PLANTER,AquaticLilyPlanter,EcologicalPlanting,LeafBlade,true
SMB_VEGETATION_AQUATIC_LILY_PLANTER,AquaticLilyPlanter,EcologicalPlanting,PetalBlade,true
SMB_VEGETATION_GREEN_ROOF_MODULE,GreenRoofVegetationModule,EcologicalPlanting,Plant,true
SMB_VEGETATION_GREEN_ROOF_MODULE,GreenRoofVegetationModule,EcologicalPlanting,ScatterRegion,true
SMB_VEGETATION_GREEN_ROOF_MODULE,GreenRoofVegetationModule,EcologicalPlanting,LeafBlade,true
SMB_VEGETATION_GREEN_ROOF_MODULE,GreenRoofVegetationModule,EcologicalPlanting,PetalBlade,true
