SMB_VEGETATION_COURTYARD_CANOPY_TREE	examples/SimpleModernBuilding/VegetationBuildingObjects/grammars/SMBV01_CourtyardCanopyTree.grammar	front
SMB_VEGETATION_COURTYARD_CANOPY_TREE	examples/SimpleModernBuilding/VegetationBuildingObjects/grammars/SMBV01_CourtyardCanopyTree.grammar	right
SMB_VEGETATION_COURTYARD_CANOPY_TREE	examples/SimpleModernBuilding/VegetationBuildingObjects/grammars/SMBV01_CourtyardCanopyTree.grammar	top
SMB_VEGETATION_SCULPTURAL_LSYSTEM_TREE	examples/SimpleModernBuilding/VegetationBuildingObjects/grammars/SMBV02_SculpturalLSystemTree.grammar	front
SMB_VEGETATION_SCULPTURAL_LSYSTEM_TREE	examples/SimpleModernBuilding/VegetationBuildingObjects/grammars/SMBV02_SculpturalLSystemTree.grammar	right
SMB_VEGETATION_SCULPTURAL_LSYSTEM_TREE	examples/SimpleModernBuilding/VegetationBuildingObjects/grammars/SMBV02_SculpturalLSystemTree.grammar	top
SMB_VEGETATION_FLOWERING_PLANT_CLUSTER	examples/SimpleModernBuilding/VegetationBuildingObjects/grammars/SMBV03_LayeredFloweringPlantCluster.grammar	front
SMB_VEGETATION_FLOWERING_PLANT_CLUSTER	examples/SimpleModernBuilding/VegetationBuildingObjects/grammars/SMBV03_LayeredFloweringPlantCluster.grammar	right
SMB_VEGETATION_FLOWERING_PLANT_CLUSTER	examples/SimpleModernBuilding/VegetationBuildingObjects/grammars/SMBV03_LayeredFloweringPlantCluster.grammar	top
SMB_VEGETATION_IVY_PRIVACY_SCREEN	examples/SimpleModernBuilding/VegetationBuildingObjects/grammars/SMBV04_WallClimbingIvyPrivacyScreen.grammar	front
SMB_VEGETATION_IVY_PRIVACY_SCREEN	examples/SimpleModernBuilding/VegetationBuildingObjects/grammars/SMBV04_WallClimbingIvyPrivacyScreen.grammar	right
SMB_VEGETATION_IVY_PRIVACY_SCREEN	examples/SimpleModernBuilding/VegetationBuildingObjects/grammars/SMBV04_WallClimbingIvyPrivacyScreen.grammar	top
SMB_VEGETATION_TENDRIL_PERGOLA_VINE	examples/SimpleModernBuilding/VegetationBuildingObjects/grammars/SMBV05_TendrilPergolaVine.grammar	front
SMB_VEGETATION_TENDRIL_PERGOLA_VINE	examples/SimpleModernBuilding/VegetationBuildingObjects/grammars/SMBV05_TendrilPergolaVine.grammar	right
SMB_VEGETATION_TENDRIL_PERGOLA_VINE	examples/SimpleModernBuilding/VegetationBuildingObjects/grammars/SMBV05_TendrilPergolaVine.grammar	top
SMB_VEGETATION_COLUMNAR_ENTRY_TREE	examples/SimpleModernBuilding/VegetationBuildingObjects/grammars/SMBV06_ColumnarEntryTree.grammar	front
SMB_VEGETATION_COLUMNAR_ENTRY_TREE	examples/SimpleModernBuilding/VegetationBuildingObjects/grammars/SMBV06_ColumnarEntryTree.grammar	right
SMB_VEGETATION_COLUMNAR_ENTRY_TREE	examples/SimpleModernBuilding/VegetationBuildingObjects/grammars/SMBV06_ColumnarEntryTree.grammar	top
SMB_VEGETATION_MULTI_STEM_BIRCH_TREE	examples/SimpleModernBuilding/VegetationBuildingObjects/grammars/SMBV07_MultiStemBirchTree.grammar	front
SMB_VEGETATION_MULTI_STEM_BIRCH_TREE	examples/SimpleModernBuilding/VegetationBuildingObjects/grammars/SMBV07_MultiStemBirchTree.grammar	right
SMB_VEGETATION_MULTI_STEM_BIRCH_TREE	examples/SimpleModernBuilding/VegetationBuildingObjects/grammars/SMBV07_MultiStemBirchTree.grammar	top
SMB_VEGETATION_OLIVE_COURTYARD_TREE	examples/SimpleModernBuilding/VegetationBuildingObjects/grammars/SMBV08_OliveCourtyardTree.grammar	front
SMB_VEGETATION_OLIVE_COURTYARD_TREE	examples/SimpleModernBuilding/VegetationBuildingObjects/grammars/SMBV08_OliveCourtyardTree.grammar	right
SMB_VEGETATION_OLIVE_COURTYARD_TREE	examples/SimpleModernBuilding/VegetationBuildingObjects/grammars/SMBV08_OliveCourtyardTree.grammar	top
SMB_VEGETATION_PALM_ACCENT_TREE	examples/SimpleModernBuilding/VegetationBuildingObjects/grammars/SMBV09_PalmAccentTree.grammar	front
SMB_VEGETATION_PALM_ACCENT_TREE	examples/SimpleModernBuilding/VegetationBuildingObjects/grammars/SMBV09_PalmAccentTree.grammar	right
SMB_VEGETATION_PALM_ACCENT_TREE	examples/SimpleModernBuilding/VegetationBuildingObjects/grammars/SMBV09_PalmAccentTree.grammar	top
SMB_VEGETATION_FLOWERING_ORNAMENTAL_TREE	examples/SimpleModernBuilding/VegetationBuildingObjects/grammars/SMBV10_FloweringOrnamentalTree.grammar	front
SMB_VEGETATION_FLOWERING_ORNAMENTAL_TREE	examples/SimpleModernBuilding/VegetationBuildingObjects/grammars/SMBV10_FloweringOrnamentalTree.grammar	right
SMB_VEGETATION_FLOWERING_ORNAMENTAL_TREE	examples/SimpleModernBuilding/VegetationBuildingObjects/grammars/SMBV10_FloweringOrnamentalTree.grammar	top
SMB_VEGETATION_EVERGREEN_SCREEN_TREE	examples/SimpleModernBuilding/VegetationBuildingObjects/grammars/SMBV11_EvergreenScreenTree.grammar	front
SMB_VEGETATION_EVERGREEN_SCREEN_TREE	examples/SimpleModernBuilding/VegetationBuildingObjects/grammars/SMBV11_EvergreenScreenTree.grammar	right
SMB_VEGETATION_EVERGREEN_SCREEN_TREE	examples/SimpleModernBuilding/VegetationBuildingObjects/grammars/SMBV11_EvergreenScreenTree.grammar	top
SMB_VEGETATION_BONSAI_COURTYARD_TREE	examples/SimpleModernBuilding/VegetationBuildingObjects/grammars/SMBV12_BonsaiCourtyardTree.grammar	front
SMB_VEGETATION_BONSAI_COURTYARD_TREE	examples/SimpleModernBuilding/VegetationBuildingObjects/grammars/SMBV12_BonsaiCourtyardTree.grammar	right
SMB_VEGETATION_BONSAI_COURTYARD_TREE	examples/SimpleModernBuilding/VegetationBuildingObjects/grammars/SMBV12_BonsaiCourtyardTree.grammar	top
SMB_VEGETATION_RAIN_GARDEN_CANOPY_TREE	examples/SimpleModernBuilding/VegetationBuildingObjects/grammars/SMBV13_RainGardenCanopyTree.grammar	front
SMB_VEGETATION_RAIN_GARDEN_CANOPY_TREE	examples/SimpleModernBuilding/VegetationBuildingObjects/grammars/SMBV13_RainGardenCanopyTree.grammar	right
SMB_VEGETATION_RAIN_GARDEN_CANOPY_TREE	examples/SimpleModernBuilding/VegetationBuildingObjects/grammars/SMBV13_RainGardenCanopyTree.grammar	top
SMB_VEGETATION_CLIPPED_BOX_HEDGE	examples/SimpleModernBuilding/VegetationBuildingObjects/grammars/SMBV14_ClippedBoxHedge.grammar	front
SMB_VEGETATION_CLIPPED_BOX_HEDGE	examples/SimpleModernBuilding/VegetationBuildingObjects/grammars/SMBV14_ClippedBoxHedge.grammar	right
SMB_VEGETATION_CLIPPED_BOX_HEDGE	examples/SimpleModernBuilding/VegetationBuildingObjects/grammars/SMBV14_ClippedBoxHedge.grammar	top
SMB_VEGETATION_FLOWERING_HYDRANGEA_SHRUB	examples/SimpleModernBuilding/VegetationBuildingObjects/grammars/SMBV15_FloweringHydrangeaShrub.grammar	front
SMB_VEGETATION_FLOWERING_HYDRANGEA_SHRUB	examples/SimpleModernBuilding/VegetationBuildingObjects/grammars/SMBV15_FloweringHydrangeaShrub.grammar	right
SMB_VEGETATION_FLOWERING_HYDRANGEA_SHRUB	examples/SimpleModernBuilding/VegetationBuildingObjects/grammars/SMBV15_FloweringHydrangeaShrub.grammar	top
SMB_VEGETATION_SCULPTURAL_AGAVE_CLUSTER	examples/SimpleModernBuilding/VegetationBuildingObjects/grammars/SMBV16_SculpturalAgaveCluster.grammar	front
SMB_VEGETATION_SCULPTURAL_AGAVE_CLUSTER	examples/SimpleModernBuilding/VegetationBuildingObjects/grammars/SMBV16_SculpturalAgaveCluster.grammar	right
SMB_VEGETATION_SCULPTURAL_AGAVE_CLUSTER	examples/SimpleModernBuilding/VegetationBuildingObjects/grammars/SMBV16_SculpturalAgaveCluster.grammar	top
SMB_VEGETATION_FERN_UNDERSTOREY_CLUSTER	examples/SimpleModernBuilding/VegetationBuildingObjects/grammars/SMBV17_FernUnderstoreyCluster.grammar	front
SMB_VEGETATION_FERN_UNDERSTOREY_CLUSTER	examples/SimpleModernBuilding/VegetationBuildingObjects/grammars/SMBV17_FernUnderstoreyCluster.grammar	right
SMB_VEGETATION_FERN_UNDERSTOREY_CLUSTER	examples/SimpleModernBuilding/VegetationBuildingObjects/grammars/SMBV17_FernUnderstoreyCluster.grammar	top
SMB_VEGETATION_BAMBOO_SCREEN_CLUSTER	examples/SimpleModernBuilding/VegetationBuildingObjects/grammars/SMBV18_BambooScreenCluster.grammar	front
SMB_VEGETATION_BAMBOO_SCREEN_CLUSTER	examples/SimpleModernBuilding/VegetationBuildingObjects/grammars/SMBV18_BambooScreenCluster.grammar	right
SMB_VEGETATION_BAMBOO_SCREEN_CLUSTER	examples/SimpleModernBuilding/VegetationBuildingObjects/grammars/SMBV18_BambooScreenCluster.grammar	top
SMB_VEGETATION_SUCCULENT_ROCKERY_CLUSTER	examples/SimpleModernBuilding/VegetationBuildingObjects/grammars/SMBV19_SucculentRockeryCluster.grammar	front
SMB_VEGETATION_SUCCULENT_ROCKERY_CLUSTER	examples/SimpleModernBuilding/VegetationBuildingObjects/grammars/SMBV19_SucculentRockeryCluster.grammar	right
SMB_VEGETATION_SUCCULENT_ROCKERY_CLUSTER	examples/SimpleModernBuilding/VegetationBuildingObjects/grammars/SMBV19_SucculentRockeryCluster.grammar	top
SMB_VEGETATION_TOPIARY_SPHERE_SHRUB	examples/SimpleModernBuilding/VegetationBuildingObjects/grammars/SMBV20_TopiarySphereShrub.grammar	front
SMB_VEGETATION_TOPIARY_SPHERE_SHRUB	examples/SimpleModernBuilding/VegetationBuildingObjects/grammars/SMBV20_TopiarySphereShrub.grammar	right
SMB_VEGETATION_TOPIARY_SPHERE_SHRUB	examples/SimpleModernBuilding/VegetationBuildingObjects/grammars/SMBV20_TopiarySphereShrub.grammar	top
SMB_VEGETATION_NATIVE_PRIVACY_SHRUB	examples/SimpleModernBuilding/VegetationBuildingObjects/grammars/SMBV21_NativePrivacyShrub.grammar	front
SMB_VEGETATION_NATIVE_PRIVACY_SHRUB	examples/SimpleModernBuilding/VegetationBuildingObjects/grammars/SMBV21_NativePrivacyShrub.grammar	right
SMB_VEGETATION_NATIVE_PRIVACY_SHRUB	examples/SimpleModernBuilding/VegetationBuildingObjects/grammars/SMBV21_NativePrivacyShrub.grammar	top
SMB_VEGETATION_FEATHER_REED_GRASS	examples/SimpleModernBuilding/VegetationBuildingObjects/grammars/SMBV22_FeatherReedGrass.grammar	front
SMB_VEGETATION_FEATHER_REED_GRASS	examples/SimpleModernBuilding/VegetationBuildingObjects/grammars/SMBV22_FeatherReedGrass.grammar	right
SMB_VEGETATION_FEATHER_REED_GRASS	examples/SimpleModernBuilding/VegetationBuildingObjects/grammars/SMBV22_FeatherReedGrass.grammar	top
SMB_VEGETATION_FOUNTAIN_GRASS	examples/SimpleModernBuilding/VegetationBuildingObjects/grammars/SMBV23_FountainGrass.grammar	front
SMB_VEGETATION_FOUNTAIN_GRASS	examples/SimpleModernBuilding/VegetationBuildingObjects/grammars/SMBV23_FountainGrass.grammar	right
SMB_VEGETATION_FOUNTAIN_GRASS	examples/SimpleModernBuilding/VegetationBuildingObjects/grammars/SMBV23_FountainGrass.grammar	top
SMB_VEGETATION_BLUE_FESCUE_GRASS	examples/SimpleModernBuilding/VegetationBuildingObjects/grammars/SMBV24_BlueFescueGrass.grammar	front
SMB_VEGETATION_BLUE_FESCUE_GRASS	examples/SimpleModernBuilding/VegetationBuildingObjects/grammars/SMBV24_BlueFescueGrass.grammar	right
SMB_VEGETATION_BLUE_FESCUE_GRASS	examples/SimpleModernBuilding/VegetationBuildingObjects/grammars/SMBV24_BlueFescueGrass.grammar	top
SMB_VEGETATION_LOMANDRA_GRASS	examples/SimpleModernBuilding/VegetationBuildingObjects/grammars/SMBV25_LomandraGrass.grammar	front
SMB_VEGETATION_LOMANDRA_GRASS	examples/SimpleModernBuilding/VegetationBuildingObjects/grammars/SMBV25_LomandraGrass.grammar	right
SMB_VEGETATION_LOMANDRA_GRASS	examples/SimpleModernBuilding/VegetationBuildingObjects/grammars/SMBV25_LomandraGrass.grammar	top
SMB_VEGETATION_MISCANTHUS_GRASS	examples/SimpleModernBuilding/VegetationBuildingObjects/grammars/SMBV26_MiscanthusGrass.grammar	front
SMB_VEGETATION_MISCANTHUS_GRASS	examples/SimpleModernBuilding/VegetationBuildingObjects/grammars/SMBV26_MiscanthusGrass.grammar	right
SMB_VEGETATION_MISCANTHUS_GRASS	examples/SimpleModernBuilding/VegetationBuildingObjects/grammars/SMBV26_MiscanthusGrass.grammar	top
SMB_VEGETATION_PAMPAS_GRASS	examples/SimpleModernBuilding/VegetationBuildingObjects/grammars/SMBV27_PampasGrass.grammar	front
SMB_VEGETATION_PAMPAS_GRASS	examples/SimpleModernBuilding/VegetationBuildingObjects/grammars/SMBV27_PampasGrass.grammar	right
SMB_VEGETATION_PAMPAS_GRASS	examples/SimpleModernBuilding/VegetationBuildingObjects/grammars/SMBV27_PampasGrass.grammar	top
SMB_VEGETATION_MONDO_GRASS	examples/SimpleModernBuilding/VegetationBuildingObjects/grammars/SMBV28_MondoGrass.grammar	front
SMB_VEGETATION_MONDO_GRASS	examples/SimpleModernBuilding/VegetationBuildingObjects/grammars/SMBV28_MondoGrass.grammar	right
SMB_VEGETATION_MONDO_GRASS	examples/SimpleModernBuilding/VegetationBuildingObjects/grammars/SMBV28_MondoGrass.grammar	top
SMB_VEGETATION_SWITCHGRASS	examples/SimpleModernBuilding/VegetationBuildingObjects/grammars/SMBV29_Switchgrass.grammar	front
SMB_VEGETATION_SWITCHGRASS	examples/SimpleModernBuilding/VegetationBuildingObjects/grammars/SMBV29_Switchgrass.grammar	right
SMB_VEGETATION_SWITCHGRASS	examples/SimpleModernBuilding/VegetationBuildingObjects/grammars/SMBV29_Switchgrass.grammar	top
SMB_VEGETATION_ARCHITECTURAL_SEDGE	examples/SimpleModernBuilding/VegetationBuildingObjects/grammars/SMBV30_ArchitecturalSedge.grammar	front
SMB_VEGETATION_ARCHITECTURAL_SEDGE	examples/SimpleModernBuilding/VegetationBuildingObjects/grammars/SMBV30_ArchitecturalSedge.grammar	right
SMB_VEGETATION_ARCHITECTURAL_SEDGE	examples/SimpleModernBuilding/VegetationBuildingObjects/grammars/SMBV30_ArchitecturalSedge.grammar	top
SMB_VEGETATION_DWARF_BAMBOO_GRASS	examples/SimpleModernBuilding/VegetationBuildingObjects/grammars/SMBV31_DwarfBambooGrass.grammar	front
SMB_VEGETATION_DWARF_BAMBOO_GRASS	examples/SimpleModernBuilding/VegetationBuildingObjects/grammars/SMBV31_DwarfBambooGrass.grammar	right
SMB_VEGETATION_DWARF_BAMBOO_GRASS	examples/SimpleModernBuilding/VegetationBuildingObjects/grammars/SMBV31_DwarfBambooGrass.grammar	top
SMB_VEGETATION_CREEPING_THYME_GROUNDCOVER	examples/SimpleModernBuilding/VegetationBuildingObjects/grammars/SMBV32_CreepingThymeGroundcover.grammar	front
SMB_VEGETATION_CREEPING_THYME_GROUNDCOVER	examples/SimpleModernBuilding/VegetationBuildingObjects/grammars/SMBV32_CreepingThymeGroundcover.grammar	right
SMB_VEGETATION_CREEPING_THYME_GROUNDCOVER	examples/SimpleModernBuilding/VegetationBuildingObjects/grammars/SMBV32_CreepingThymeGroundcover.grammar	top
SMB_VEGETATION_DICHONDRA_SILVER_GROUNDCOVER	examples/SimpleModernBuilding/VegetationBuildingObjects/grammars/SMBV33_DichondraSilverGroundcover.grammar	front
SMB_VEGETATION_DICHONDRA_SILVER_GROUNDCOVER	examples/SimpleModernBuilding/VegetationBuildingObjects/grammars/SMBV33_DichondraSilverGroundcover.grammar	right
SMB_VEGETATION_DICHONDRA_SILVER_GROUNDCOVER	examples/SimpleModernBuilding/VegetationBuildingObjects/grammars/SMBV33_DichondraSilverGroundcover.grammar	top
SMB_VEGETATION_IVY_GROUNDCOVER	examples/SimpleModernBuilding/VegetationBuildingObjects/grammars/SMBV34_IvyGroundcover.grammar	front
SMB_VEGETATION_IVY_GROUNDCOVER	examples/SimpleModernBuilding/VegetationBuildingObjects/grammars/SMBV34_IvyGroundcover.grammar	right
SMB_VEGETATION_IVY_GROUNDCOVER	examples/SimpleModernBuilding/VegetationBuildingObjects/grammars/SMBV34_IvyGroundcover.grammar	top
SMB_VEGETATION_FLOWERING_MEADOW_MAT	examples/SimpleModernBuilding/VegetationBuildingObjects/grammars/SMBV35_FloweringMeadowMat.grammar	front
SMB_VEGETATION_FLOWERING_MEADOW_MAT	examples/SimpleModernBuilding/VegetationBuildingObjects/grammars/SMBV35_FloweringMeadowMat.grammar	right
SMB_VEGETATION_FLOWERING_MEADOW_MAT	examples/SimpleModernBuilding/VegetationBuildingObjects/grammars/SMBV35_FloweringMeadowMat.grammar	top
SMB_VEGETATION_MOSS_FERN_CARPET	examples/SimpleModernBuilding/VegetationBuildingObjects/grammars/SMBV36_MossFernCarpet.grammar	front
SMB_VEGETATION_MOSS_FERN_CARPET	examples/SimpleModernBuilding/VegetationBuildingObjects/grammars/SMBV36_MossFernCarpet.grammar	right
SMB_VEGETATION_MOSS_FERN_CARPET	examples/SimpleModernBuilding/VegetationBuildingObjects/grammars/SMBV36_MossFernCarpet.grammar	top
SMB_VEGETATION_JASMINE_WALL_CLIMBER	examples/SimpleModernBuilding/VegetationBuildingObjects/grammars/SMBV37_JasmineWallClimber.grammar	front
SMB_VEGETATION_JASMINE_WALL_CLIMBER	examples/SimpleModernBuilding/VegetationBuildingObjects/grammars/SMBV37_JasmineWallClimber.grammar	right
SMB_VEGETATION_JASMINE_WALL_CLIMBER	examples/SimpleModernBuilding/VegetationBuildingObjects/grammars/SMBV37_JasmineWallClimber.grammar	top
SMB_VEGETATION_WISTERIA_PERGOLA	examples/SimpleModernBuilding/VegetationBuildingObjects/grammars/SMBV38_WisteriaPergola.grammar	front
SMB_VEGETATION_WISTERIA_PERGOLA	examples/SimpleModernBuilding/VegetationBuildingObjects/grammars/SMBV38_WisteriaPergola.grammar	right
SMB_VEGETATION_WISTERIA_PERGOLA	examples/SimpleModernBuilding/VegetationBuildingObjects/grammars/SMBV38_WisteriaPergola.grammar	top
SMB_VEGETATION_BOUGAINVILLEA_TRELLIS	examples/SimpleModernBuilding/VegetationBuildingObjects/grammars/SMBV39_BougainvilleaTrellis.grammar	front
SMB_VEGETATION_BOUGAINVILLEA_TRELLIS	examples/SimpleModernBuilding/VegetationBuildingObjects/grammars/SMBV39_BougainvilleaTrellis.grammar	right
SMB_VEGETATION_BOUGAINVILLEA_TRELLIS	examples/SimpleModernBuilding/VegetationBuildingObjects/grammars/SMBV39_BougainvilleaTrellis.grammar	top
SMB_VEGETATION_GRAPE_ARBOR_VINE	examples/SimpleModernBuilding/VegetationBuildingObjects/grammars/SMBV40_GrapeArborVine.grammar	front
SMB_VEGETATION_GRAPE_ARBOR_VINE	examples/SimpleModernBuilding/VegetationBuildingObjects/grammars/SMBV40_GrapeArborVine.grammar	right
SMB_VEGETATION_GRAPE_ARBOR_VINE	examples/SimpleModernBuilding/VegetationBuildingObjects/grammars/SMBV40_GrapeArborVine.grammar	top
SMB_VEGETATION_GREEN_FACADE_CABLE_VINE	examples/SimpleModernBuilding/VegetationBuildingObjects/grammars/SMBV41_GreenFacadeCableVine.grammar	front
SMB_VEGETATION_GREEN_FACADE_CABLE_VINE	examples/SimpleModernBuilding/VegetationBuildingObjects/grammars/SMBV41_GreenFacadeCableVine.grammar	right
SMB_VEGETATION_GREEN_FACADE_CABLE_VINE	examples/SimpleModernBuilding/VegetationBuildingObjects/grammars/SMBV41_GreenFacadeCableVine.grammar	top
SMB_VEGETATION_INDOOR_FICUS_PLANTER	examples/SimpleModernBuilding/VegetationBuildingObjects/grammars/SMBV42_IndoorFicusPlanter.grammar	front
SMB_VEGETATION_INDOOR_FICUS_PLANTER	examples/SimpleModernBuilding/VegetationBuildingObjects/grammars/SMBV42_IndoorFicusPlanter.grammar	right
SMB_VEGETATION_INDOOR_FICUS_PLANTER	examples/SimpleModernBuilding/VegetationBuildingObjects/grammars/SMBV42_IndoorFicusPlanter.grammar	top
SMB_VEGETATION_SNAKE_PLANT_TROUGH	examples/SimpleModernBuilding/VegetationBuildingObjects/grammars/SMBV43_SnakePlantTrough.grammar	front
SMB_VEGETATION_SNAKE_PLANT_TROUGH	examples/SimpleModernBuilding/VegetationBuildingObjects/grammars/SMBV43_SnakePlantTrough.grammar	right
SMB_VEGETATION_SNAKE_PLANT_TROUGH	examples/SimpleModernBuilding/VegetationBuildingObjects/grammars/SMBV43_SnakePlantTrough.grammar	top
SMB_VEGETATION_HANGING_FERN_PLANTER	examples/SimpleModernBuilding/VegetationBuildingObjects/grammars/SMBV44_HangingFernPlanter.grammar	front
SMB_VEGETATION_HANGING_FERN_PLANTER	examples/SimpleModernBuilding/VegetationBuildingObjects/grammars/SMBV44_HangingFernPlanter.grammar	right
SMB_VEGETATION_HANGING_FERN_PLANTER	examples/SimpleModernBuilding/VegetationBuildingObjects/grammars/SMBV44_HangingFernPlanter.grammar	top
SMB_VEGETATION_KITCHEN_HERB_PLANTER	examples/SimpleModernBuilding/VegetationBuildingObjects/grammars/SMBV45_KitchenHerbPlanter.grammar	front
SMB_VEGETATION_KITCHEN_HERB_PLANTER	examples/SimpleModernBuilding/VegetationBuildingObjects/grammars/SMBV45_KitchenHerbPlanter.grammar	right
SMB_VEGETATION_KITCHEN_HERB_PLANTER	examples/SimpleModernBuilding/VegetationBuildingObjects/grammars/SMBV45_KitchenHerbPlanter.grammar	top
SMB_VEGETATION_RAIN_GARDEN_REED_BED	examples/SimpleModernBuilding/VegetationBuildingObjects/grammars/SMBV46_RainGardenReedBed.grammar	front
SMB_VEGETATION_RAIN_GARDEN_REED_BED	examples/SimpleModernBuilding/VegetationBuildingObjects/grammars/SMBV46_RainGardenReedBed.grammar	right
SMB_VEGETATION_RAIN_GARDEN_REED_BED	examples/SimpleModernBuilding/VegetationBuildingObjects/grammars/SMBV46_RainGardenReedBed.grammar	top
SMB_VEGETATION_POOLSIDE_TROPICAL_CLUSTER	examples/SimpleModernBuilding/VegetationBuildingObjects/grammars/SMBV47_PoolsideTropicalCluster.grammar	front
SMB_VEGETATION_POOLSIDE_TROPICAL_CLUSTER	examples/SimpleModernBuilding/VegetationBuildingObjects/grammars/SMBV47_PoolsideTropicalCluster.grammar	right
SMB_VEGETATION_POOLSIDE_TROPICAL_CLUSTER	examples/SimpleModernBuilding/VegetationBuildingObjects/grammars/SMBV47_PoolsideTropicalCluster.grammar	top
SMB_VEGETATION_BIOSWALE_SEDGE_MODULE	examples/SimpleModernBuilding/VegetationBuildingObjects/grammars/SMBV48_BioswaleSedgeModule.grammar	front
SMB_VEGETATION_BIOSWALE_SEDGE_MODULE	examples/SimpleModernBuilding/VegetationBuildingObjects/grammars/SMBV48_BioswaleSedgeModule.grammar	right
SMB_VEGETATION_BIOSWALE_SEDGE_MODULE	examples/SimpleModernBuilding/VegetationBuildingObjects/grammars/SMBV48_BioswaleSedgeModule.grammar	top
SMB_VEGETATION_AQUATIC_LILY_PLANTER	examples/SimpleModernBuilding/VegetationBuildingObjects/grammars/SMBV49_AquaticLilyPlanter.grammar	front
SMB_VEGETATION_AQUATIC_LILY_PLANTER	examples/SimpleModernBuilding/VegetationBuildingObjects/grammars/SMBV49_AquaticLilyPlanter.grammar	right
SMB_VEGETATION_AQUATIC_LILY_PLANTER	examples/SimpleModernBuilding/VegetationBuildingObjects/grammars/SMBV49_AquaticLilyPlanter.grammar	top
SMB_VEGETATION_GREEN_ROOF_MODULE	examples/SimpleModernBuilding/VegetationBuildingObjects/grammars/SMBV50_GreenRoofVegetationModule.grammar	front
SMB_VEGETATION_GREEN_ROOF_MODULE	examples/SimpleModernBuilding/VegetationBuildingObjects/grammars/SMBV50_GreenRoofVegetationModule.grammar	right
SMB_VEGETATION_GREEN_ROOF_MODULE	examples/SimpleModernBuilding/VegetationBuildingObjects/grammars/SMBV50_GreenRoofVegetationModule.grammar	top
